ts,attraction_id,wait_minutes,is_open
2026-06-12 09:15,leagues_20k,5,1
2026-06-12 09:15,frozen,40,1
2026-06-12 09:15,aquatopia,5,1
2026-06-12 09:15,ariel_playground,0,0
2026-06-12 09:15,big_city,5,1
2026-06-12 09:15,blowfish_balloon,5,1
2026-06-12 09:15,electric_railway,5,1
2026-06-12 09:15,tinkerbell,5,1
2026-06-12 09:15,flounder_coaster,0,0
2026-06-12 09:15,fortress,0,0
2026-06-12 09:15,indiana_jones,0,0
2026-06-12 09:15,jasmine_carpet,5,1
2026-06-12 09:15,journey_center,5,1
2026-06-12 09:15,jumpin_jellyfish,5,1
2026-06-12 09:15,nemo_searider,5,1
2026-06-12 09:15,peter_pan,5,1
2026-06-12 09:15,raging_spirits,5,1
2026-06-12 09:15,rapunzel,5,1
2026-06-12 09:15,scuttle_scooters,5,1
2026-06-12 09:15,sindbad,5,1
2026-06-12 09:15,soaring,70,1
2026-06-12 09:15,magic_lamp,5,1
2026-06-12 09:15,tower_terror,10,1
2026-06-12 09:15,toy_story,30,1
2026-06-12 09:15,turtle_talk,10,1
2026-06-12 12:46,leagues_20k,40,1
2026-06-12 12:46,frozen,160,1
2026-06-12 12:46,aquatopia,50,1
2026-06-12 12:46,ariel_playground,0,0
2026-06-12 12:46,big_city,5,1
2026-06-12 12:46,blowfish_balloon,40,1
2026-06-12 12:46,electric_railway,15,1
2026-06-12 12:46,tinkerbell,50,1
2026-06-12 12:46,flounder_coaster,30,1
2026-06-12 12:46,fortress,0,0
2026-06-12 12:46,indiana_jones,0,0
2026-06-12 12:46,jasmine_carpet,25,1
2026-06-12 12:46,journey_center,140,1
2026-06-12 12:46,jumpin_jellyfish,30,1
2026-06-12 12:46,nemo_searider,40,1
2026-06-12 12:46,peter_pan,120,1
2026-06-12 12:46,raging_spirits,70,1
2026-06-12 12:46,rapunzel,100,1
2026-06-12 12:46,scuttle_scooters,25,1
2026-06-12 12:46,sindbad,20,1
2026-06-12 12:46,soaring,180,1
2026-06-12 12:46,magic_lamp,15,1
2026-06-12 12:46,tower_terror,100,1
2026-06-12 12:46,toy_story,120,1
2026-06-12 12:46,turtle_talk,40,1
2026-06-12 17:24,leagues_20k,30,1
2026-06-12 17:24,frozen,140,1
2026-06-12 17:24,aquatopia,50,1
2026-06-12 17:24,ariel_playground,0,0
2026-06-12 17:24,big_city,0,0
2026-06-12 17:24,blowfish_balloon,30,1
2026-06-12 17:24,electric_railway,15,1
2026-06-12 17:24,tinkerbell,50,1
2026-06-12 17:24,flounder_coaster,30,1
2026-06-12 17:24,fortress,0,0
2026-06-12 17:24,indiana_jones,0,0
2026-06-12 17:24,jasmine_carpet,15,1
2026-06-12 17:24,journey_center,140,1
2026-06-12 17:24,jumpin_jellyfish,15,1
2026-06-12 17:24,nemo_searider,20,1
2026-06-12 17:24,peter_pan,100,1
2026-06-12 17:24,raging_spirits,100,1
2026-06-12 17:24,rapunzel,120,1
2026-06-12 17:24,scuttle_scooters,20,1
2026-06-12 17:24,sindbad,15,1
2026-06-12 17:24,soaring,140,1
2026-06-12 17:24,magic_lamp,30,1
2026-06-12 17:24,tower_terror,120,1
2026-06-12 17:24,toy_story,140,1
2026-06-12 17:24,turtle_talk,15,1
2026-06-12 20:58,leagues_20k,0,0
2026-06-12 20:58,frozen,0,0
2026-06-12 20:58,aquatopia,0,0
2026-06-12 20:58,ariel_playground,0,0
2026-06-12 20:58,big_city,5,1
2026-06-12 20:58,blowfish_balloon,0,0
2026-06-12 20:58,electric_railway,5,1
2026-06-12 20:58,tinkerbell,0,0
2026-06-12 20:58,flounder_coaster,0,0
2026-06-12 20:58,fortress,0,0
2026-06-12 20:58,indiana_jones,0,0
2026-06-12 20:58,jasmine_carpet,0,0
2026-06-12 20:58,journey_center,0,0
2026-06-12 20:58,jumpin_jellyfish,10,1
2026-06-12 20:58,nemo_searider,15,1
2026-06-12 20:58,peter_pan,0,0
2026-06-12 20:58,raging_spirits,0,0
2026-06-12 20:58,rapunzel,0,0
2026-06-12 20:58,scuttle_scooters,0,0
2026-06-12 20:58,sindbad,5,1
2026-06-12 20:58,soaring,0,0
2026-06-12 20:58,magic_lamp,0,0
2026-06-12 20:58,tower_terror,0,0
2026-06-12 20:58,toy_story,0,0
2026-06-12 20:58,turtle_talk,15,1
2026-06-13 09:14,leagues_20k,5,1
2026-06-13 09:14,frozen,180,1
2026-06-13 09:14,aquatopia,5,1
2026-06-13 09:14,ariel_playground,0,0
2026-06-13 09:14,big_city,5,1
2026-06-13 09:14,blowfish_balloon,5,1
2026-06-13 09:14,electric_railway,5,1
2026-06-13 09:14,tinkerbell,30,1
2026-06-13 09:14,flounder_coaster,5,1
2026-06-13 09:14,fortress,0,0
2026-06-13 09:14,indiana_jones,0,0
2026-06-13 09:14,jasmine_carpet,5,1
2026-06-13 09:14,journey_center,80,1
2026-06-13 09:14,jumpin_jellyfish,5,1
2026-06-13 09:14,nemo_searider,15,1
2026-06-13 09:14,peter_pan,0,0
2026-06-13 09:14,raging_spirits,5,1
2026-06-13 09:14,rapunzel,60,1
2026-06-13 09:14,scuttle_scooters,5,1
2026-06-13 09:14,sindbad,5,1
2026-06-13 09:14,soaring,160,1
2026-06-13 09:14,magic_lamp,5,1
2026-06-13 09:14,tower_terror,40,1
2026-06-13 09:14,toy_story,160,1
2026-06-13 09:14,turtle_talk,20,1
2026-06-13 12:33,leagues_20k,50,1
2026-06-13 12:33,frozen,140,1
2026-06-13 12:33,aquatopia,60,1
2026-06-13 12:33,ariel_playground,0,0
2026-06-13 12:33,big_city,5,1
2026-06-13 12:33,blowfish_balloon,40,1
2026-06-13 12:33,electric_railway,15,1
2026-06-13 12:33,tinkerbell,50,1
2026-06-13 12:33,flounder_coaster,30,1
2026-06-13 12:33,fortress,0,0
2026-06-13 12:33,indiana_jones,0,0
2026-06-13 12:33,jasmine_carpet,40,1
2026-06-13 12:33,journey_center,140,1
2026-06-13 12:33,jumpin_jellyfish,25,1
2026-06-13 12:33,nemo_searider,40,1
2026-06-13 12:33,peter_pan,120,1
2026-06-13 12:33,raging_spirits,100,1
2026-06-13 12:33,rapunzel,80,1
2026-06-13 12:33,scuttle_scooters,25,1
2026-06-13 12:33,sindbad,25,1
2026-06-13 12:33,soaring,180,1
2026-06-13 12:33,magic_lamp,15,1
2026-06-13 12:33,tower_terror,120,1
2026-06-13 12:33,toy_story,120,1
2026-06-13 12:33,turtle_talk,30,1
2026-06-13 16:36,leagues_20k,50,1
2026-06-13 16:36,frozen,180,1
2026-06-13 16:36,aquatopia,60,1
2026-06-13 16:36,ariel_playground,0,0
2026-06-13 16:36,big_city,0,0
2026-06-13 16:36,blowfish_balloon,40,1
2026-06-13 16:36,electric_railway,20,1
2026-06-13 16:36,tinkerbell,60,1
2026-06-13 16:36,flounder_coaster,40,1
2026-06-13 16:36,fortress,0,0
2026-06-13 16:36,indiana_jones,0,0
2026-06-13 16:36,jasmine_carpet,30,1
2026-06-13 16:36,journey_center,180,1
2026-06-13 16:36,jumpin_jellyfish,25,1
2026-06-13 16:36,nemo_searider,40,1
2026-06-13 16:36,peter_pan,0,0
2026-06-13 16:36,raging_spirits,140,1
2026-06-13 16:36,rapunzel,100,1
2026-06-13 16:36,scuttle_scooters,30,1
2026-06-13 16:36,sindbad,25,1
2026-06-13 16:36,soaring,180,1
2026-06-13 16:36,magic_lamp,30,1
2026-06-13 16:36,tower_terror,140,1
2026-06-13 16:36,toy_story,140,1
2026-06-13 16:36,turtle_talk,20,1
2026-06-13 19:16,leagues_20k,10,1
2026-06-13 19:16,frozen,100,1
2026-06-13 19:16,aquatopia,40,1
2026-06-13 19:16,ariel_playground,0,0
2026-06-13 19:16,big_city,0,0
2026-06-13 19:16,blowfish_balloon,15,1
2026-06-13 19:16,electric_railway,5,1
2026-06-13 19:16,tinkerbell,40,1
2026-06-13 19:16,flounder_coaster,25,1
2026-06-13 19:16,fortress,0,0
2026-06-13 19:16,indiana_jones,0,0
2026-06-13 19:16,jasmine_carpet,20,1
2026-06-13 19:16,journey_center,90,1
2026-06-13 19:16,jumpin_jellyfish,10,1
2026-06-13 19:16,nemo_searider,20,1
2026-06-13 19:16,peter_pan,70,1
2026-06-13 19:16,raging_spirits,70,1
2026-06-13 19:16,rapunzel,90,1
2026-06-13 19:16,scuttle_scooters,20,1
2026-06-13 19:16,sindbad,5,1
2026-06-13 19:16,soaring,120,1
2026-06-13 19:16,magic_lamp,15,1
2026-06-13 19:16,tower_terror,100,1
2026-06-13 19:16,toy_story,100,1
2026-06-13 19:16,turtle_talk,15,1
2026-06-13 21:08,leagues_20k,0,0
2026-06-13 21:08,frozen,0,0
2026-06-13 21:08,aquatopia,0,0
2026-06-13 21:08,ariel_playground,0,0
2026-06-13 21:08,big_city,0,0
2026-06-13 21:08,blowfish_balloon,0,0
2026-06-13 21:08,electric_railway,0,0
2026-06-13 21:08,tinkerbell,0,0
2026-06-13 21:08,flounder_coaster,0,0
2026-06-13 21:08,fortress,0,0
2026-06-13 21:08,indiana_jones,0,0
2026-06-13 21:08,jasmine_carpet,0,0
2026-06-13 21:08,journey_center,0,0
2026-06-13 21:08,jumpin_jellyfish,0,0
2026-06-13 21:08,nemo_searider,0,0
2026-06-13 21:08,peter_pan,0,0
2026-06-13 21:08,raging_spirits,0,0
2026-06-13 21:08,rapunzel,0,0
2026-06-13 21:08,scuttle_scooters,0,0
2026-06-13 21:08,sindbad,0,0
2026-06-13 21:08,soaring,0,0
2026-06-13 21:08,magic_lamp,0,0
2026-06-13 21:08,tower_terror,0,0
2026-06-13 21:08,toy_story,0,0
2026-06-13 21:08,turtle_talk,0,0
2026-06-14 08:59,leagues_20k,5,1
2026-06-14 08:59,frozen,70,1
2026-06-14 08:59,aquatopia,5,1
2026-06-14 08:59,ariel_playground,0,0
2026-06-14 08:59,big_city,5,1
2026-06-14 08:59,blowfish_balloon,5,1
2026-06-14 08:59,electric_railway,5,1
2026-06-14 08:59,tinkerbell,20,1
2026-06-14 08:59,flounder_coaster,5,1
2026-06-14 08:59,fortress,0,0
2026-06-14 08:59,indiana_jones,0,0
2026-06-14 08:59,jasmine_carpet,5,1
2026-06-14 08:59,journey_center,40,1
2026-06-14 08:59,jumpin_jellyfish,5,1
2026-06-14 08:59,nemo_searider,5,1
2026-06-14 08:59,peter_pan,30,1
2026-06-14 08:59,raging_spirits,5,1
2026-06-14 08:59,rapunzel,15,1
2026-06-14 08:59,scuttle_scooters,5,1
2026-06-14 08:59,sindbad,5,1
2026-06-14 08:59,soaring,60,1
2026-06-14 08:59,magic_lamp,5,1
2026-06-14 08:59,tower_terror,30,1
2026-06-14 08:59,toy_story,50,1
2026-06-14 08:59,turtle_talk,5,1
2026-06-14 12:54,leagues_20k,40,1
2026-06-14 12:54,frozen,140,1
2026-06-14 12:54,aquatopia,50,1
2026-06-14 12:54,ariel_playground,0,0
2026-06-14 12:54,big_city,5,1
2026-06-14 12:54,blowfish_balloon,0,0
2026-06-14 12:54,electric_railway,15,1
2026-06-14 12:54,tinkerbell,40,1
2026-06-14 12:54,flounder_coaster,40,1
2026-06-14 12:54,fortress,0,0
2026-06-14 12:54,indiana_jones,0,0
2026-06-14 12:54,jasmine_carpet,30,1
2026-06-14 12:54,journey_center,120,1
2026-06-14 12:54,jumpin_jellyfish,25,1
2026-06-14 12:54,nemo_searider,30,1
2026-06-14 12:54,peter_pan,100,1
2026-06-14 12:54,raging_spirits,80,1
2026-06-14 12:54,rapunzel,90,1
2026-06-14 12:54,scuttle_scooters,30,1
2026-06-14 12:54,sindbad,20,1
2026-06-14 12:54,soaring,140,1
2026-06-14 12:54,magic_lamp,30,1
2026-06-14 12:54,tower_terror,120,1
2026-06-14 12:54,toy_story,120,1
2026-06-14 12:54,turtle_talk,30,1
2026-06-14 17:15,leagues_20k,40,1
2026-06-14 17:15,frozen,160,1
2026-06-14 17:15,aquatopia,50,1
2026-06-14 17:15,ariel_playground,0,0
2026-06-14 17:15,big_city,0,0
2026-06-14 17:15,blowfish_balloon,0,0
2026-06-14 17:15,electric_railway,10,1
2026-06-14 17:15,tinkerbell,50,1
2026-06-14 17:15,flounder_coaster,30,1
2026-06-14 17:15,fortress,0,0
2026-06-14 17:15,indiana_jones,0,0
2026-06-14 17:15,jasmine_carpet,30,1
2026-06-14 17:15,journey_center,160,1
2026-06-14 17:15,jumpin_jellyfish,25,1
2026-06-14 17:15,nemo_searider,20,1
2026-06-14 17:15,peter_pan,90,1
2026-06-14 17:15,raging_spirits,100,1
2026-06-14 17:15,rapunzel,70,1
2026-06-14 17:15,scuttle_scooters,30,1
2026-06-14 17:15,sindbad,20,1
2026-06-14 17:15,soaring,180,1
2026-06-14 17:15,magic_lamp,15,1
2026-06-14 17:15,tower_terror,140,1
2026-06-14 17:15,toy_story,160,1
2026-06-14 17:15,turtle_talk,20,1
2026-06-14 20:09,leagues_20k,5,1
2026-06-14 20:09,frozen,60,1
2026-06-14 20:09,aquatopia,30,1
2026-06-14 20:09,ariel_playground,0,0
2026-06-14 20:09,big_city,5,1
2026-06-14 20:09,blowfish_balloon,0,0
2026-06-14 20:09,electric_railway,10,1
2026-06-14 20:09,tinkerbell,40,1
2026-06-14 20:09,flounder_coaster,15,1
2026-06-14 20:09,fortress,0,0
2026-06-14 20:09,indiana_jones,0,0
2026-06-14 20:09,jasmine_carpet,15,1
2026-06-14 20:09,journey_center,70,1
2026-06-14 20:09,jumpin_jellyfish,5,1
2026-06-14 20:09,nemo_searider,15,1
2026-06-14 20:09,peter_pan,40,1
2026-06-14 20:09,raging_spirits,30,1
2026-06-14 20:09,rapunzel,30,1
2026-06-14 20:09,scuttle_scooters,5,1
2026-06-14 20:09,sindbad,5,1
2026-06-14 20:09,soaring,0,0
2026-06-14 20:09,magic_lamp,15,1
2026-06-14 20:09,tower_terror,80,1
2026-06-14 20:09,toy_story,70,1
2026-06-14 20:09,turtle_talk,15,1
2026-06-14 22:04,leagues_20k,0,0
2026-06-14 22:04,frozen,0,0
2026-06-14 22:04,aquatopia,0,0
2026-06-14 22:04,ariel_playground,0,0
2026-06-14 22:04,big_city,0,0
2026-06-14 22:04,blowfish_balloon,0,0
2026-06-14 22:04,electric_railway,0,0
2026-06-14 22:04,tinkerbell,0,0
2026-06-14 22:04,flounder_coaster,0,0
2026-06-14 22:04,fortress,0,0
2026-06-14 22:04,indiana_jones,0,0
2026-06-14 22:04,jasmine_carpet,0,0
2026-06-14 22:04,journey_center,0,0
2026-06-14 22:04,jumpin_jellyfish,0,0
2026-06-14 22:04,nemo_searider,0,0
2026-06-14 22:04,peter_pan,0,0
2026-06-14 22:04,raging_spirits,0,0
2026-06-14 22:04,rapunzel,0,0
2026-06-14 22:04,scuttle_scooters,0,0
2026-06-14 22:04,sindbad,0,0
2026-06-14 22:04,soaring,0,0
2026-06-14 22:04,magic_lamp,0,0
2026-06-14 22:04,tower_terror,0,0
2026-06-14 22:04,toy_story,0,0
2026-06-14 22:04,turtle_talk,0,0
2026-06-15 09:02,leagues_20k,5,1
2026-06-15 09:02,frozen,30,1
2026-06-15 09:02,aquatopia,5,1
2026-06-15 09:02,ariel_playground,0,0
2026-06-15 09:02,big_city,5,1
2026-06-15 09:02,blowfish_balloon,5,1
2026-06-15 09:02,electric_railway,5,1
2026-06-15 09:02,tinkerbell,5,1
2026-06-15 09:02,flounder_coaster,5,1
2026-06-15 09:02,fortress,0,0
2026-06-15 09:02,indiana_jones,0,0
2026-06-15 09:02,jasmine_carpet,5,1
2026-06-15 09:02,journey_center,15,1
2026-06-15 09:02,jumpin_jellyfish,5,1
2026-06-15 09:02,nemo_searider,15,1
2026-06-15 09:02,peter_pan,15,1
2026-06-15 09:02,raging_spirits,5,1
2026-06-15 09:02,rapunzel,15,1
2026-06-15 09:02,scuttle_scooters,5,1
2026-06-15 09:02,sindbad,5,1
2026-06-15 09:02,soaring,30,1
2026-06-15 09:02,magic_lamp,5,1
2026-06-15 09:02,tower_terror,5,1
2026-06-15 09:02,toy_story,15,1
2026-06-15 09:02,turtle_talk,5,1
2026-06-15 13:07,leagues_20k,40,1
2026-06-15 13:07,frozen,140,1
2026-06-15 13:07,aquatopia,40,1
2026-06-15 13:07,ariel_playground,0,0
2026-06-15 13:07,big_city,5,1
2026-06-15 13:07,blowfish_balloon,0,0
2026-06-15 13:07,electric_railway,10,1
2026-06-15 13:07,tinkerbell,40,1
2026-06-15 13:07,flounder_coaster,40,1
2026-06-15 13:07,fortress,0,0
2026-06-15 13:07,indiana_jones,0,0
2026-06-15 13:07,jasmine_carpet,25,1
2026-06-15 13:07,journey_center,120,1
2026-06-15 13:07,jumpin_jellyfish,20,1
2026-06-15 13:07,nemo_searider,30,1
2026-06-15 13:07,peter_pan,60,1
2026-06-15 13:07,raging_spirits,80,1
2026-06-15 13:07,rapunzel,70,1
2026-06-15 13:07,scuttle_scooters,25,1
2026-06-15 13:07,sindbad,5,1
2026-06-15 13:07,soaring,140,1
2026-06-15 13:07,magic_lamp,15,1
2026-06-15 13:07,tower_terror,100,1
2026-06-15 13:07,toy_story,100,1
2026-06-15 13:07,turtle_talk,15,1
2026-06-15 19:32,leagues_20k,5,1
2026-06-15 19:32,frozen,90,1
2026-06-15 19:32,aquatopia,30,1
2026-06-15 19:32,ariel_playground,0,0
2026-06-15 19:32,big_city,0,0
2026-06-15 19:32,blowfish_balloon,0,0
2026-06-15 19:32,electric_railway,5,1
2026-06-15 19:32,tinkerbell,40,1
2026-06-15 19:32,flounder_coaster,15,1
2026-06-15 19:32,fortress,0,0
2026-06-15 19:32,indiana_jones,0,0
2026-06-15 19:32,jasmine_carpet,20,1
2026-06-15 19:32,journey_center,100,1
2026-06-15 19:32,jumpin_jellyfish,5,1
2026-06-15 19:32,nemo_searider,15,1
2026-06-15 19:32,peter_pan,0,0
2026-06-15 19:32,raging_spirits,60,1
2026-06-15 19:32,rapunzel,30,1
2026-06-15 19:32,scuttle_scooters,15,1
2026-06-15 19:32,sindbad,5,1
2026-06-15 19:32,soaring,90,1
2026-06-15 19:32,magic_lamp,15,1
2026-06-15 19:32,tower_terror,80,1
2026-06-15 19:32,toy_story,70,1
2026-06-15 19:32,turtle_talk,15,1
2026-06-16 09:24,leagues_20k,5,1
2026-06-16 09:24,frozen,10,1
2026-06-16 09:24,aquatopia,5,1
2026-06-16 09:24,ariel_playground,0,0
2026-06-16 09:24,big_city,5,1
2026-06-16 09:24,blowfish_balloon,0,0
2026-06-16 09:24,electric_railway,5,1
2026-06-16 09:24,tinkerbell,5,1
2026-06-16 09:24,flounder_coaster,5,1
2026-06-16 09:24,fortress,0,0
2026-06-16 09:24,indiana_jones,0,0
2026-06-16 09:24,jasmine_carpet,5,1
2026-06-16 09:24,journey_center,20,1
2026-06-16 09:24,jumpin_jellyfish,5,1
2026-06-16 09:24,nemo_searider,15,1
2026-06-16 09:24,peter_pan,5,1
2026-06-16 09:24,raging_spirits,5,1
2026-06-16 09:24,rapunzel,10,1
2026-06-16 09:24,scuttle_scooters,5,1
2026-06-16 09:24,sindbad,5,1
2026-06-16 09:24,soaring,70,1
2026-06-16 09:24,magic_lamp,5,1
2026-06-16 09:24,tower_terror,10,1
2026-06-16 09:24,toy_story,30,1
2026-06-16 09:24,turtle_talk,15,1
2026-06-16 12:56,leagues_20k,50,1
2026-06-16 12:56,frozen,120,1
2026-06-16 12:56,aquatopia,40,1
2026-06-16 12:56,ariel_playground,0,0
2026-06-16 12:56,big_city,5,1
2026-06-16 12:56,blowfish_balloon,0,0
2026-06-16 12:56,electric_railway,15,1
2026-06-16 12:56,tinkerbell,40,1
2026-06-16 12:56,flounder_coaster,40,1
2026-06-16 12:56,fortress,0,0
2026-06-16 12:56,indiana_jones,0,0
2026-06-16 12:56,jasmine_carpet,25,1
2026-06-16 12:56,journey_center,140,1
2026-06-16 12:56,jumpin_jellyfish,25,1
2026-06-16 12:56,nemo_searider,30,1
2026-06-16 12:56,peter_pan,80,1
2026-06-16 12:56,raging_spirits,90,1
2026-06-16 12:56,rapunzel,80,1
2026-06-16 12:56,scuttle_scooters,15,1
2026-06-16 12:56,sindbad,15,1
2026-06-16 12:56,soaring,140,1
2026-06-16 12:56,magic_lamp,15,1
2026-06-16 12:56,tower_terror,100,1
2026-06-16 12:56,toy_story,120,1
2026-06-16 12:56,turtle_talk,20,1
2026-06-16 18:28,leagues_20k,40,1
2026-06-16 18:28,frozen,100,1
2026-06-16 18:28,aquatopia,40,1
2026-06-16 18:28,ariel_playground,0,0
2026-06-16 18:28,big_city,5,1
2026-06-16 18:28,blowfish_balloon,0,0
2026-06-16 18:28,electric_railway,20,1
2026-06-16 18:28,tinkerbell,50,1
2026-06-16 18:28,flounder_coaster,30,1
2026-06-16 18:28,fortress,0,0
2026-06-16 18:28,indiana_jones,0,0
2026-06-16 18:28,jasmine_carpet,30,1
2026-06-16 18:28,journey_center,140,1
2026-06-16 18:28,jumpin_jellyfish,25,1
2026-06-16 18:28,nemo_searider,40,1
2026-06-16 18:28,peter_pan,80,1
2026-06-16 18:28,raging_spirits,120,1
2026-06-16 18:28,rapunzel,100,1
2026-06-16 18:28,scuttle_scooters,25,1
2026-06-16 18:28,sindbad,10,1
2026-06-16 18:28,soaring,140,1
2026-06-16 18:28,magic_lamp,15,1
2026-06-16 18:28,tower_terror,120,1
2026-06-16 18:28,toy_story,100,1
2026-06-16 18:28,turtle_talk,30,1
2026-06-17 09:10,leagues_20k,5,1
2026-06-17 09:10,frozen,20,1
2026-06-17 09:10,aquatopia,5,1
2026-06-17 09:10,ariel_playground,0,1
2026-06-17 09:10,big_city,0,0
2026-06-17 09:10,blowfish_balloon,0,0
2026-06-17 09:10,electric_railway,5,1
2026-06-17 09:10,tinkerbell,15,1
2026-06-17 09:10,flounder_coaster,5,1
2026-06-17 09:10,fortress,0,1
2026-06-17 09:10,indiana_jones,0,0
2026-06-17 09:10,jasmine_carpet,5,1
2026-06-17 09:10,journey_center,5,1
2026-06-17 09:10,jumpin_jellyfish,5,1
2026-06-17 09:10,nemo_searider,5,1
2026-06-17 09:10,peter_pan,20,1
2026-06-17 09:10,raging_spirits,5,1
2026-06-17 09:10,rapunzel,15,1
2026-06-17 09:10,scuttle_scooters,5,1
2026-06-17 09:10,sindbad,5,1
2026-06-17 09:10,soaring,40,1
2026-06-17 09:10,magic_lamp,0,0
2026-06-17 09:10,tower_terror,5,1
2026-06-17 09:10,toy_story,20,1
2026-06-17 09:10,turtle_talk,5,1
2026-06-17 12:58,leagues_20k,50,1
2026-06-17 12:58,frozen,140,1
2026-06-17 12:58,aquatopia,40,1
2026-06-17 12:58,ariel_playground,0,1
2026-06-17 12:58,big_city,0,0
2026-06-17 12:58,blowfish_balloon,0,0
2026-06-17 12:58,electric_railway,15,1
2026-06-17 12:58,tinkerbell,40,1
2026-06-17 12:58,flounder_coaster,30,1
2026-06-17 12:58,fortress,0,1
2026-06-17 12:58,indiana_jones,0,0
2026-06-17 12:58,jasmine_carpet,25,1
2026-06-17 12:58,journey_center,140,1
2026-06-17 12:58,jumpin_jellyfish,20,1
2026-06-17 12:58,nemo_searider,30,1
2026-06-17 12:58,peter_pan,90,1
2026-06-17 12:58,raging_spirits,90,1
2026-06-17 12:58,rapunzel,80,1
2026-06-17 12:58,scuttle_scooters,15,1
2026-06-17 12:58,sindbad,15,1
2026-06-17 12:58,soaring,140,1
2026-06-17 12:58,magic_lamp,15,1
2026-06-17 12:58,tower_terror,120,1
2026-06-17 12:58,toy_story,120,1
2026-06-17 12:58,turtle_talk,40,1
2026-06-17 18:06,leagues_20k,30,1
2026-06-17 18:06,frozen,140,1
2026-06-17 18:06,aquatopia,50,1
2026-06-17 18:06,ariel_playground,0,1
2026-06-17 18:06,big_city,0,0
2026-06-17 18:06,blowfish_balloon,0,0
2026-06-17 18:06,electric_railway,20,1
2026-06-17 18:06,tinkerbell,50,1
2026-06-17 18:06,flounder_coaster,30,1
2026-06-17 18:06,fortress,0,1
2026-06-17 18:06,indiana_jones,0,0
2026-06-17 18:06,jasmine_carpet,30,1
2026-06-17 18:06,journey_center,140,1
2026-06-17 18:06,jumpin_jellyfish,15,1
2026-06-17 18:06,nemo_searider,15,1
2026-06-17 18:06,peter_pan,0,0
2026-06-17 18:06,raging_spirits,100,1
2026-06-17 18:06,rapunzel,70,1
2026-06-17 18:06,scuttle_scooters,20,1
2026-06-17 18:06,sindbad,10,1
2026-06-17 18:06,soaring,140,1
2026-06-17 18:06,magic_lamp,15,1
2026-06-17 18:06,tower_terror,140,1
2026-06-17 18:06,toy_story,100,1
2026-06-17 18:06,turtle_talk,20,1
2026-06-17 21:57,leagues_20k,0,0
2026-06-17 21:57,frozen,0,0
2026-06-17 21:57,aquatopia,0,0
2026-06-17 21:57,ariel_playground,0,0
2026-06-17 21:57,big_city,0,0
2026-06-17 21:57,blowfish_balloon,0,0
2026-06-17 21:57,electric_railway,0,0
2026-06-17 21:57,tinkerbell,0,0
2026-06-17 21:57,flounder_coaster,0,0
2026-06-17 21:57,fortress,0,0
2026-06-17 21:57,indiana_jones,0,0
2026-06-17 21:57,jasmine_carpet,0,0
2026-06-17 21:57,journey_center,0,0
2026-06-17 21:57,jumpin_jellyfish,0,0
2026-06-17 21:57,nemo_searider,0,0
2026-06-17 21:57,peter_pan,0,0
2026-06-17 21:57,raging_spirits,0,0
2026-06-17 21:57,rapunzel,0,0
2026-06-17 21:57,scuttle_scooters,0,0
2026-06-17 21:57,sindbad,0,0
2026-06-17 21:57,soaring,0,0
2026-06-17 21:57,magic_lamp,0,0
2026-06-17 21:57,tower_terror,0,0
2026-06-17 21:57,toy_story,0,0
2026-06-17 21:57,turtle_talk,0,0
2026-06-18 09:08,leagues_20k,5,1
2026-06-18 09:08,frozen,15,1
2026-06-18 09:08,aquatopia,5,1
2026-06-18 09:08,ariel_playground,0,1
2026-06-18 09:08,big_city,0,0
2026-06-18 09:08,blowfish_balloon,0,0
2026-06-18 09:08,electric_railway,5,1
2026-06-18 09:08,tinkerbell,5,1
2026-06-18 09:08,flounder_coaster,5,1
2026-06-18 09:08,fortress,0,1
2026-06-18 09:08,indiana_jones,0,0
2026-06-18 09:08,jasmine_carpet,5,1
2026-06-18 09:08,journey_center,10,1
2026-06-18 09:08,jumpin_jellyfish,5,1
2026-06-18 09:08,nemo_searider,15,1
2026-06-18 09:08,peter_pan,10,1
2026-06-18 09:08,raging_spirits,5,1
2026-06-18 09:08,rapunzel,20,1
2026-06-18 09:08,scuttle_scooters,5,1
2026-06-18 09:08,sindbad,5,1
2026-06-18 09:08,soaring,20,1
2026-06-18 09:08,magic_lamp,0,0
2026-06-18 09:08,tower_terror,10,1
2026-06-18 09:08,toy_story,10,1
2026-06-18 09:08,turtle_talk,10,1
2026-06-18 12:45,leagues_20k,40,1
2026-06-18 12:45,frozen,120,1
2026-06-18 12:45,aquatopia,40,1
2026-06-18 12:45,ariel_playground,0,1
2026-06-18 12:45,big_city,0,0
2026-06-18 12:45,blowfish_balloon,0,0
2026-06-18 12:45,electric_railway,10,1
2026-06-18 12:45,tinkerbell,40,1
2026-06-18 12:45,flounder_coaster,25,1
2026-06-18 12:45,fortress,0,1
2026-06-18 12:45,indiana_jones,0,0
2026-06-18 12:45,jasmine_carpet,25,1
2026-06-18 12:45,journey_center,120,1
2026-06-18 12:45,jumpin_jellyfish,20,1
2026-06-18 12:45,nemo_searider,15,1
2026-06-18 12:45,peter_pan,70,1
2026-06-18 12:45,raging_spirits,100,1
2026-06-18 12:45,rapunzel,80,1
2026-06-18 12:45,scuttle_scooters,20,1
2026-06-18 12:45,sindbad,10,1
2026-06-18 12:45,soaring,120,1
2026-06-18 12:45,magic_lamp,15,1
2026-06-18 12:45,tower_terror,120,1
2026-06-18 12:45,toy_story,80,1
2026-06-18 12:45,turtle_talk,20,1
2026-06-18 17:45,leagues_20k,15,1
2026-06-18 17:45,frozen,0,0
2026-06-18 17:45,aquatopia,30,1
2026-06-18 17:45,ariel_playground,0,1
2026-06-18 17:45,big_city,0,0
2026-06-18 17:45,blowfish_balloon,0,0
2026-06-18 17:45,electric_railway,15,1
2026-06-18 17:45,tinkerbell,40,1
2026-06-18 17:45,flounder_coaster,25,1
2026-06-18 17:45,fortress,0,1
2026-06-18 17:45,indiana_jones,0,0
2026-06-18 17:45,jasmine_carpet,20,1
2026-06-18 17:45,journey_center,120,1
2026-06-18 17:45,jumpin_jellyfish,15,1
2026-06-18 17:45,nemo_searider,15,1
2026-06-18 17:45,peter_pan,40,1
2026-06-18 17:45,raging_spirits,90,1
2026-06-18 17:45,rapunzel,40,1
2026-06-18 17:45,scuttle_scooters,15,1
2026-06-18 17:45,sindbad,5,1
2026-06-18 17:45,soaring,140,1
2026-06-18 17:45,magic_lamp,15,1
2026-06-18 17:45,tower_terror,120,1
2026-06-18 17:45,toy_story,90,1
2026-06-18 17:45,turtle_talk,20,1
2026-06-18 21:24,leagues_20k,0,0
2026-06-18 21:24,frozen,0,0
2026-06-18 21:24,aquatopia,0,0
2026-06-18 21:24,ariel_playground,0,0
2026-06-18 21:24,big_city,0,0
2026-06-18 21:24,blowfish_balloon,0,0
2026-06-18 21:24,electric_railway,0,0
2026-06-18 21:24,tinkerbell,0,0
2026-06-18 21:24,flounder_coaster,0,0
2026-06-18 21:24,fortress,0,0
2026-06-18 21:24,indiana_jones,0,0
2026-06-18 21:24,jasmine_carpet,0,0
2026-06-18 21:24,journey_center,0,0
2026-06-18 21:24,jumpin_jellyfish,0,0
2026-06-18 21:24,nemo_searider,0,0
2026-06-18 21:24,peter_pan,0,0
2026-06-18 21:24,raging_spirits,0,0
2026-06-18 21:24,rapunzel,0,0
2026-06-18 21:24,scuttle_scooters,0,0
2026-06-18 21:24,sindbad,0,0
2026-06-18 21:24,soaring,0,0
2026-06-18 21:24,magic_lamp,0,0
2026-06-18 21:24,tower_terror,0,0
2026-06-18 21:24,toy_story,0,0
2026-06-18 21:24,turtle_talk,0,0
2026-06-19 09:20,leagues_20k,5,1
2026-06-19 09:20,frozen,50,1
2026-06-19 09:20,aquatopia,5,1
2026-06-19 09:20,ariel_playground,0,1
2026-06-19 09:20,big_city,0,0
2026-06-19 09:20,blowfish_balloon,0,0
2026-06-19 09:20,electric_railway,5,1
2026-06-19 09:20,tinkerbell,5,1
2026-06-19 09:20,flounder_coaster,5,1
2026-06-19 09:20,fortress,0,1
2026-06-19 09:20,indiana_jones,0,0
2026-06-19 09:20,jasmine_carpet,5,1
2026-06-19 09:20,journey_center,20,1
2026-06-19 09:20,jumpin_jellyfish,5,1
2026-06-19 09:20,nemo_searider,5,1
2026-06-19 09:20,peter_pan,5,1
2026-06-19 09:20,raging_spirits,5,1
2026-06-19 09:20,rapunzel,5,1
2026-06-19 09:20,scuttle_scooters,5,1
2026-06-19 09:20,sindbad,5,1
2026-06-19 09:20,soaring,80,1
2026-06-19 09:20,magic_lamp,0,0
2026-06-19 09:20,tower_terror,15,1
2026-06-19 09:20,toy_story,50,1
2026-06-19 09:20,turtle_talk,5,1
2026-06-19 13:08,leagues_20k,40,1
2026-06-19 13:08,frozen,0,0
2026-06-19 13:08,aquatopia,40,1
2026-06-19 13:08,ariel_playground,0,1
2026-06-19 13:08,big_city,0,0
2026-06-19 13:08,blowfish_balloon,0,0
2026-06-19 13:08,electric_railway,20,1
2026-06-19 13:08,tinkerbell,50,1
2026-06-19 13:08,flounder_coaster,30,1
2026-06-19 13:08,fortress,0,1
2026-06-19 13:08,indiana_jones,0,0
2026-06-19 13:08,jasmine_carpet,25,1
2026-06-19 13:08,journey_center,140,1
2026-06-19 13:08,jumpin_jellyfish,30,1
2026-06-19 13:08,nemo_searider,30,1
2026-06-19 13:08,peter_pan,90,1
2026-06-19 13:08,raging_spirits,90,1
2026-06-19 13:08,rapunzel,80,1
2026-06-19 13:08,scuttle_scooters,20,1
2026-06-19 13:08,sindbad,20,1
2026-06-19 13:08,soaring,140,1
2026-06-19 13:08,magic_lamp,15,1
2026-06-19 13:08,tower_terror,90,1
2026-06-19 13:08,toy_story,120,1
2026-06-19 13:08,turtle_talk,30,1
2026-06-19 18:15,leagues_20k,30,1
2026-06-19 18:15,frozen,140,1
2026-06-19 18:15,aquatopia,0,0
2026-06-19 18:15,ariel_playground,0,1
2026-06-19 18:15,big_city,5,1
2026-06-19 18:15,blowfish_balloon,0,0
2026-06-19 18:15,electric_railway,25,1
2026-06-19 18:15,tinkerbell,50,1
2026-06-19 18:15,flounder_coaster,40,1
2026-06-19 18:15,fortress,0,1
2026-06-19 18:15,indiana_jones,0,0
2026-06-19 18:15,jasmine_carpet,30,1
2026-06-19 18:15,journey_center,140,1
2026-06-19 18:15,jumpin_jellyfish,20,1
2026-06-19 18:15,nemo_searider,40,1
2026-06-19 18:15,peter_pan,70,1
2026-06-19 18:15,raging_spirits,90,1
2026-06-19 18:15,rapunzel,90,1
2026-06-19 18:15,scuttle_scooters,30,1
2026-06-19 18:15,sindbad,10,1
2026-06-19 18:15,soaring,160,1
2026-06-19 18:15,magic_lamp,30,1
2026-06-19 18:15,tower_terror,120,1
2026-06-19 18:15,toy_story,100,1
2026-06-19 18:15,turtle_talk,40,1
2026-06-19 21:58,leagues_20k,0,0
2026-06-19 21:58,frozen,0,0
2026-06-19 21:58,aquatopia,0,0
2026-06-19 21:58,ariel_playground,0,0
2026-06-19 21:58,big_city,0,0
2026-06-19 21:58,blowfish_balloon,0,0
2026-06-19 21:58,electric_railway,0,0
2026-06-19 21:58,tinkerbell,0,0
2026-06-19 21:58,flounder_coaster,0,0
2026-06-19 21:58,fortress,0,0
2026-06-19 21:58,indiana_jones,0,0
2026-06-19 21:58,jasmine_carpet,0,0
2026-06-19 21:58,journey_center,0,0
2026-06-19 21:58,jumpin_jellyfish,0,0
2026-06-19 21:58,nemo_searider,0,0
2026-06-19 21:58,peter_pan,0,0
2026-06-19 21:58,raging_spirits,0,0
2026-06-19 21:58,rapunzel,0,0
2026-06-19 21:58,scuttle_scooters,0,0
2026-06-19 21:58,sindbad,0,0
2026-06-19 21:58,soaring,0,0
2026-06-19 21:58,magic_lamp,0,0
2026-06-19 21:58,tower_terror,0,0
2026-06-19 21:58,toy_story,0,0
2026-06-19 21:58,turtle_talk,0,0
2026-06-20 09:01,leagues_20k,0,0
2026-06-20 09:01,frozen,0,0
2026-06-20 09:01,aquatopia,0,0
2026-06-20 09:01,ariel_playground,0,0
2026-06-20 09:01,big_city,0,0
2026-06-20 09:01,blowfish_balloon,0,0
2026-06-20 09:01,electric_railway,0,0
2026-06-20 09:01,tinkerbell,0,0
2026-06-20 09:01,flounder_coaster,0,0
2026-06-20 09:01,fortress,0,0
2026-06-20 09:01,indiana_jones,0,0
2026-06-20 09:01,jasmine_carpet,0,0
2026-06-20 09:01,journey_center,0,0
2026-06-20 09:01,jumpin_jellyfish,0,0
2026-06-20 09:01,nemo_searider,0,0
2026-06-20 09:01,peter_pan,0,0
2026-06-20 09:01,raging_spirits,0,0
2026-06-20 09:01,rapunzel,0,0
2026-06-20 09:01,scuttle_scooters,0,0
2026-06-20 09:01,sindbad,0,0
2026-06-20 09:01,soaring,0,0
2026-06-20 09:01,magic_lamp,0,0
2026-06-20 09:01,tower_terror,0,0
2026-06-20 09:01,toy_story,0,0
2026-06-20 09:01,turtle_talk,0,0
2026-06-20 12:31,leagues_20k,40,1
2026-06-20 12:31,frozen,160,1
2026-06-20 12:31,aquatopia,50,1
2026-06-20 12:31,ariel_playground,0,1
2026-06-20 12:31,big_city,0,0
2026-06-20 12:31,blowfish_balloon,25,1
2026-06-20 12:31,electric_railway,15,1
2026-06-20 12:31,tinkerbell,50,1
2026-06-20 12:31,flounder_coaster,30,1
2026-06-20 12:31,fortress,0,1
2026-06-20 12:31,indiana_jones,0,0
2026-06-20 12:31,jasmine_carpet,30,1
2026-06-20 12:31,journey_center,140,1
2026-06-20 12:31,jumpin_jellyfish,20,1
2026-06-20 12:31,nemo_searider,40,1
2026-06-20 12:31,peter_pan,100,1
2026-06-20 12:31,raging_spirits,100,1
2026-06-20 12:31,rapunzel,80,1
2026-06-20 12:31,scuttle_scooters,25,1
2026-06-20 12:31,sindbad,15,1
2026-06-20 12:31,soaring,160,1
2026-06-20 12:31,magic_lamp,15,1
2026-06-20 12:31,tower_terror,100,1
2026-06-20 12:31,toy_story,100,1
2026-06-20 12:31,turtle_talk,40,1
2026-06-20 16:38,leagues_20k,60,1
2026-06-20 16:38,frozen,160,1
2026-06-20 16:38,aquatopia,30,1
2026-06-20 16:38,ariel_playground,0,1
2026-06-20 16:38,big_city,5,1
2026-06-20 16:38,blowfish_balloon,40,1
2026-06-20 16:38,electric_railway,25,1
2026-06-20 16:38,tinkerbell,40,1
2026-06-20 16:38,flounder_coaster,20,1
2026-06-20 16:38,fortress,0,1
2026-06-20 16:38,indiana_jones,0,0
2026-06-20 16:38,jasmine_carpet,10,1
2026-06-20 16:38,journey_center,180,1
2026-06-20 16:38,jumpin_jellyfish,25,1
2026-06-20 16:38,nemo_searider,30,1
2026-06-20 16:38,peter_pan,120,1
2026-06-20 16:38,raging_spirits,100,1
2026-06-20 16:38,rapunzel,100,1
2026-06-20 16:38,scuttle_scooters,20,1
2026-06-20 16:38,sindbad,25,1
2026-06-20 16:38,soaring,220,1
2026-06-20 16:38,magic_lamp,45,1
2026-06-20 16:38,tower_terror,140,1
2026-06-20 16:38,toy_story,180,1
2026-06-20 16:38,turtle_talk,50,1
2026-06-20 19:20,leagues_20k,20,1
2026-06-20 19:20,frozen,100,1
2026-06-20 19:20,aquatopia,5,1
2026-06-20 19:20,ariel_playground,0,1
2026-06-20 19:20,big_city,5,1
2026-06-20 19:20,blowfish_balloon,40,1
2026-06-20 19:20,electric_railway,15,1
2026-06-20 19:20,tinkerbell,40,1
2026-06-20 19:20,flounder_coaster,5,1
2026-06-20 19:20,fortress,0,1
2026-06-20 19:20,indiana_jones,0,0
2026-06-20 19:20,jasmine_carpet,5,1
2026-06-20 19:20,journey_center,120,1
2026-06-20 19:20,jumpin_jellyfish,20,1
2026-06-20 19:20,nemo_searider,15,1
2026-06-20 19:20,peter_pan,90,1
2026-06-20 19:20,raging_spirits,50,1
2026-06-20 19:20,rapunzel,30,1
2026-06-20 19:20,scuttle_scooters,5,1
2026-06-20 19:20,sindbad,10,1
2026-06-20 19:20,soaring,120,1
2026-06-20 19:20,magic_lamp,15,1
2026-06-20 19:20,tower_terror,120,1
2026-06-20 19:20,toy_story,120,1
2026-06-20 19:20,turtle_talk,25,1
2026-06-20 21:14,leagues_20k,0,0
2026-06-20 21:14,frozen,0,0
2026-06-20 21:14,aquatopia,0,0
2026-06-20 21:14,ariel_playground,0,0
2026-06-20 21:14,big_city,0,0
2026-06-20 21:14,blowfish_balloon,0,0
2026-06-20 21:14,electric_railway,0,0
2026-06-20 21:14,tinkerbell,0,0
2026-06-20 21:14,flounder_coaster,0,0
2026-06-20 21:14,fortress,0,0
2026-06-20 21:14,indiana_jones,0,0
2026-06-20 21:14,jasmine_carpet,0,0
2026-06-20 21:14,journey_center,0,0
2026-06-20 21:14,jumpin_jellyfish,0,0
2026-06-20 21:14,nemo_searider,0,0
2026-06-20 21:14,peter_pan,0,0
2026-06-20 21:14,raging_spirits,0,0
2026-06-20 21:14,rapunzel,0,0
2026-06-20 21:14,scuttle_scooters,0,0
2026-06-20 21:14,sindbad,0,0
2026-06-20 21:14,soaring,0,0
2026-06-20 21:14,magic_lamp,0,0
2026-06-20 21:14,tower_terror,0,0
2026-06-20 21:14,toy_story,0,0
2026-06-20 21:14,turtle_talk,0,0
2026-06-21 09:00,leagues_20k,0,0
2026-06-21 09:00,frozen,0,0
2026-06-21 09:00,aquatopia,0,0
2026-06-21 09:00,ariel_playground,0,0
2026-06-21 09:00,big_city,0,0
2026-06-21 09:00,blowfish_balloon,0,0
2026-06-21 09:00,electric_railway,0,0
2026-06-21 09:00,tinkerbell,0,0
2026-06-21 09:00,flounder_coaster,0,0
2026-06-21 09:00,fortress,0,0
2026-06-21 09:00,indiana_jones,0,0
2026-06-21 09:00,jasmine_carpet,0,0
2026-06-21 09:00,journey_center,0,0
2026-06-21 09:00,jumpin_jellyfish,0,0
2026-06-21 09:00,nemo_searider,0,0
2026-06-21 09:00,peter_pan,0,0
2026-06-21 09:00,raging_spirits,0,0
2026-06-21 09:00,rapunzel,0,0
2026-06-21 09:00,scuttle_scooters,0,0
2026-06-21 09:00,sindbad,0,0
2026-06-21 09:00,soaring,0,0
2026-06-21 09:00,magic_lamp,0,0
2026-06-21 09:00,tower_terror,0,0
2026-06-21 09:00,toy_story,0,0
2026-06-21 09:00,turtle_talk,0,0
2026-06-21 13:02,leagues_20k,30,1
2026-06-21 13:02,frozen,140,1
2026-06-21 13:02,aquatopia,40,1
2026-06-21 13:02,ariel_playground,0,1
2026-06-21 13:02,big_city,0,0
2026-06-21 13:02,blowfish_balloon,25,1
2026-06-21 13:02,electric_railway,20,1
2026-06-21 13:02,tinkerbell,40,1
2026-06-21 13:02,flounder_coaster,25,1
2026-06-21 13:02,fortress,0,1
2026-06-21 13:02,indiana_jones,0,0
2026-06-21 13:02,jasmine_carpet,25,1
2026-06-21 13:02,journey_center,120,1
2026-06-21 13:02,jumpin_jellyfish,10,1
2026-06-21 13:02,nemo_searider,20,1
2026-06-21 13:02,peter_pan,70,1
2026-06-21 13:02,raging_spirits,70,1
2026-06-21 13:02,rapunzel,60,1
2026-06-21 13:02,scuttle_scooters,25,1
2026-06-21 13:02,sindbad,10,1
2026-06-21 13:02,soaring,120,1
2026-06-21 13:02,magic_lamp,15,1
2026-06-21 13:02,tower_terror,100,1
2026-06-21 13:02,toy_story,120,1
2026-06-21 13:02,turtle_talk,40,1
2026-06-21 17:41,leagues_20k,10,1
2026-06-21 17:41,frozen,0,0
2026-06-21 17:41,aquatopia,30,1
2026-06-21 17:41,ariel_playground,0,1
2026-06-21 17:41,big_city,0,0
2026-06-21 17:41,blowfish_balloon,20,1
2026-06-21 17:41,electric_railway,15,1
2026-06-21 17:41,tinkerbell,40,1
2026-06-21 17:41,flounder_coaster,25,1
2026-06-21 17:41,fortress,0,1
2026-06-21 17:41,indiana_jones,0,0
2026-06-21 17:41,jasmine_carpet,25,1
2026-06-21 17:41,journey_center,100,1
2026-06-21 17:41,jumpin_jellyfish,15,1
2026-06-21 17:41,nemo_searider,15,1
2026-06-21 17:41,peter_pan,40,1
2026-06-21 17:41,raging_spirits,80,1
2026-06-21 17:41,rapunzel,30,1
2026-06-21 17:41,scuttle_scooters,15,1
2026-06-21 17:41,sindbad,5,1
2026-06-21 17:41,soaring,140,1
2026-06-21 17:41,magic_lamp,15,1
2026-06-21 17:41,tower_terror,90,1
2026-06-21 17:41,toy_story,120,1
2026-06-21 17:41,turtle_talk,20,1
2026-06-21 20:35,leagues_20k,5,1
2026-06-21 20:35,frozen,0,1
2026-06-21 20:35,aquatopia,30,1
2026-06-21 20:35,ariel_playground,0,1
2026-06-21 20:35,big_city,5,1
2026-06-21 20:35,blowfish_balloon,5,1
2026-06-21 20:35,electric_railway,5,1
2026-06-21 20:35,tinkerbell,20,1
2026-06-21 20:35,flounder_coaster,5,1
2026-06-21 20:35,fortress,0,1
2026-06-21 20:35,indiana_jones,0,0
2026-06-21 20:35,jasmine_carpet,5,1
2026-06-21 20:35,journey_center,0,1
2026-06-21 20:35,jumpin_jellyfish,5,1
2026-06-21 20:35,nemo_searider,15,1
2026-06-21 20:35,peter_pan,10,1
2026-06-21 20:35,raging_spirits,25,1
2026-06-21 20:35,rapunzel,15,1
2026-06-21 20:35,scuttle_scooters,5,1
2026-06-21 20:35,sindbad,5,1
2026-06-21 20:35,soaring,0,1
2026-06-21 20:35,magic_lamp,15,1
2026-06-21 20:35,tower_terror,0,1
2026-06-21 20:35,toy_story,0,1
2026-06-21 20:35,turtle_talk,15,1
2026-06-21 22:25,leagues_20k,0,0
2026-06-21 22:25,frozen,0,0
2026-06-21 22:25,aquatopia,0,0
2026-06-21 22:25,ariel_playground,0,0
2026-06-21 22:25,big_city,0,0
2026-06-21 22:25,blowfish_balloon,0,0
2026-06-21 22:25,electric_railway,0,0
2026-06-21 22:25,tinkerbell,0,0
2026-06-21 22:25,flounder_coaster,0,0
2026-06-21 22:25,fortress,0,0
2026-06-21 22:25,indiana_jones,0,0
2026-06-21 22:25,jasmine_carpet,0,0
2026-06-21 22:25,journey_center,0,0
2026-06-21 22:25,jumpin_jellyfish,0,0
2026-06-21 22:25,nemo_searider,0,0
2026-06-21 22:25,peter_pan,0,0
2026-06-21 22:25,raging_spirits,0,0
2026-06-21 22:25,rapunzel,0,0
2026-06-21 22:25,scuttle_scooters,0,0
2026-06-21 22:25,sindbad,0,0
2026-06-21 22:25,soaring,0,0
2026-06-21 22:25,magic_lamp,0,0
2026-06-21 22:25,tower_terror,0,0
2026-06-21 22:25,toy_story,0,0
2026-06-21 22:25,turtle_talk,0,0
2026-06-22 09:04,leagues_20k,0,0
2026-06-22 09:04,frozen,0,0
2026-06-22 09:04,aquatopia,0,0
2026-06-22 09:04,ariel_playground,0,0
2026-06-22 09:04,big_city,0,0
2026-06-22 09:04,blowfish_balloon,0,0
2026-06-22 09:04,electric_railway,0,0
2026-06-22 09:04,tinkerbell,0,0
2026-06-22 09:04,flounder_coaster,0,0
2026-06-22 09:04,fortress,0,0
2026-06-22 09:04,indiana_jones,0,0
2026-06-22 09:04,jasmine_carpet,0,0
2026-06-22 09:04,journey_center,0,0
2026-06-22 09:04,jumpin_jellyfish,0,0
2026-06-22 09:04,nemo_searider,0,0
2026-06-22 09:04,peter_pan,0,0
2026-06-22 09:04,raging_spirits,0,0
2026-06-22 09:04,rapunzel,0,0
2026-06-22 09:04,scuttle_scooters,0,0
2026-06-22 09:04,sindbad,0,0
2026-06-22 09:04,soaring,0,0
2026-06-22 09:04,magic_lamp,0,0
2026-06-22 09:04,tower_terror,0,0
2026-06-22 09:04,toy_story,0,0
2026-06-22 09:04,turtle_talk,0,0
2026-06-22 13:03,leagues_20k,40,1
2026-06-22 13:03,frozen,120,1
2026-06-22 13:03,aquatopia,50,1
2026-06-22 13:03,ariel_playground,0,1
2026-06-22 13:03,big_city,0,0
2026-06-22 13:03,blowfish_balloon,30,1
2026-06-22 13:03,electric_railway,10,1
2026-06-22 13:03,tinkerbell,40,1
2026-06-22 13:03,flounder_coaster,30,1
2026-06-22 13:03,fortress,0,1
2026-06-22 13:03,indiana_jones,0,0
2026-06-22 13:03,jasmine_carpet,30,1
2026-06-22 13:03,journey_center,120,1
2026-06-22 13:03,jumpin_jellyfish,25,1
2026-06-22 13:03,nemo_searider,40,1
2026-06-22 13:03,peter_pan,70,1
2026-06-22 13:03,raging_spirits,80,1
2026-06-22 13:03,rapunzel,90,1
2026-06-22 13:03,scuttle_scooters,25,1
2026-06-22 13:03,sindbad,10,1
2026-06-22 13:03,soaring,140,1
2026-06-22 13:03,magic_lamp,15,1
2026-06-22 13:03,tower_terror,120,1
2026-06-22 13:03,toy_story,100,1
2026-06-22 13:03,turtle_talk,30,1
2026-06-22 19:15,leagues_20k,20,1
2026-06-22 19:15,frozen,0,0
2026-06-22 19:15,aquatopia,30,1
2026-06-22 19:15,ariel_playground,0,1
2026-06-22 19:15,big_city,5,1
2026-06-22 19:15,blowfish_balloon,15,1
2026-06-22 19:15,electric_railway,15,1
2026-06-22 19:15,tinkerbell,50,1
2026-06-22 19:15,flounder_coaster,25,1
2026-06-22 19:15,fortress,0,1
2026-06-22 19:15,indiana_jones,0,0
2026-06-22 19:15,jasmine_carpet,25,1
2026-06-22 19:15,journey_center,100,1
2026-06-22 19:15,jumpin_jellyfish,15,1
2026-06-22 19:15,nemo_searider,15,1
2026-06-22 19:15,peter_pan,60,1
2026-06-22 19:15,raging_spirits,70,1
2026-06-22 19:15,rapunzel,40,1
2026-06-22 19:15,scuttle_scooters,15,1
2026-06-22 19:15,sindbad,5,1
2026-06-22 19:15,soaring,100,1
2026-06-22 19:15,magic_lamp,15,1
2026-06-22 19:15,tower_terror,120,1
2026-06-22 19:15,toy_story,90,1
2026-06-22 19:15,turtle_talk,15,1
2026-06-23 09:00,leagues_20k,0,0
2026-06-23 09:00,frozen,0,0
2026-06-23 09:00,aquatopia,0,0
2026-06-23 09:00,ariel_playground,0,0
2026-06-23 09:00,big_city,0,0
2026-06-23 09:00,blowfish_balloon,0,0
2026-06-23 09:00,electric_railway,0,0
2026-06-23 09:00,tinkerbell,0,0
2026-06-23 09:00,flounder_coaster,0,0
2026-06-23 09:00,fortress,0,0
2026-06-23 09:00,indiana_jones,0,0
2026-06-23 09:00,jasmine_carpet,0,0
2026-06-23 09:00,journey_center,0,0
2026-06-23 09:00,jumpin_jellyfish,0,0
2026-06-23 09:00,nemo_searider,0,0
2026-06-23 09:00,peter_pan,0,0
2026-06-23 09:00,raging_spirits,0,0
2026-06-23 09:00,rapunzel,0,0
2026-06-23 09:00,scuttle_scooters,0,0
2026-06-23 09:00,sindbad,0,0
2026-06-23 09:00,soaring,0,0
2026-06-23 09:00,magic_lamp,0,0
2026-06-23 09:00,tower_terror,0,0
2026-06-23 09:00,toy_story,0,0
2026-06-23 09:00,turtle_talk,0,0
2026-06-23 12:24,leagues_20k,50,1
2026-06-23 12:24,frozen,0,1
2026-06-23 12:24,aquatopia,40,1
2026-06-23 12:24,ariel_playground,0,1
2026-06-23 12:24,big_city,0,0
2026-06-23 12:24,blowfish_balloon,25,1
2026-06-23 12:24,electric_railway,15,1
2026-06-23 12:24,tinkerbell,50,1
2026-06-23 12:24,flounder_coaster,40,1
2026-06-23 12:24,fortress,0,1
2026-06-23 12:24,indiana_jones,0,0
2026-06-23 12:24,jasmine_carpet,25,1
2026-06-23 12:24,journey_center,120,1
2026-06-23 12:24,jumpin_jellyfish,20,1
2026-06-23 12:24,nemo_searider,40,1
2026-06-23 12:24,peter_pan,70,1
2026-06-23 12:24,raging_spirits,80,1
2026-06-23 12:24,rapunzel,80,1
2026-06-23 12:24,scuttle_scooters,25,1
2026-06-23 12:24,sindbad,5,1
2026-06-23 12:24,soaring,100,1
2026-06-23 12:24,magic_lamp,15,1
2026-06-23 12:24,tower_terror,100,1
2026-06-23 12:24,toy_story,90,1
2026-06-23 12:24,turtle_talk,20,1
2026-06-23 16:03,leagues_20k,40,1
2026-06-23 16:03,frozen,160,1
2026-06-23 16:03,aquatopia,40,1
2026-06-23 16:03,ariel_playground,0,1
2026-06-23 16:03,big_city,5,1
2026-06-23 16:03,blowfish_balloon,30,1
2026-06-23 16:03,electric_railway,20,1
2026-06-23 16:03,tinkerbell,40,1
2026-06-23 16:03,flounder_coaster,30,1
2026-06-23 16:03,fortress,0,1
2026-06-23 16:03,indiana_jones,0,0
2026-06-23 16:03,jasmine_carpet,25,1
2026-06-23 16:03,journey_center,100,1
2026-06-23 16:03,jumpin_jellyfish,15,1
2026-06-23 16:03,nemo_searider,30,1
2026-06-23 16:03,peter_pan,70,1
2026-06-23 16:03,raging_spirits,90,1
2026-06-23 16:03,rapunzel,80,1
2026-06-23 16:03,scuttle_scooters,15,1
2026-06-23 16:03,sindbad,5,1
2026-06-23 16:03,soaring,100,1
2026-06-23 16:03,magic_lamp,15,1
2026-06-23 16:03,tower_terror,100,1
2026-06-23 16:03,toy_story,100,1
2026-06-23 16:03,turtle_talk,15,1
2026-06-23 19:43,leagues_20k,15,1
2026-06-23 19:43,frozen,0,1
2026-06-23 19:43,aquatopia,30,1
2026-06-23 19:43,ariel_playground,0,1
2026-06-23 19:43,big_city,0,0
2026-06-23 19:43,blowfish_balloon,10,1
2026-06-23 19:43,electric_railway,5,1
2026-06-23 19:43,tinkerbell,60,1
2026-06-23 19:43,flounder_coaster,15,1
2026-06-23 19:43,fortress,0,1
2026-06-23 19:43,indiana_jones,0,0
2026-06-23 19:43,jasmine_carpet,20,1
2026-06-23 19:43,journey_center,80,1
2026-06-23 19:43,jumpin_jellyfish,5,1
2026-06-23 19:43,nemo_searider,15,1
2026-06-23 19:43,peter_pan,25,1
2026-06-23 19:43,raging_spirits,60,1
2026-06-23 19:43,rapunzel,25,1
2026-06-23 19:43,scuttle_scooters,5,1
2026-06-23 19:43,sindbad,5,1
2026-06-23 19:43,soaring,80,1
2026-06-23 19:43,magic_lamp,15,1
2026-06-23 19:43,tower_terror,80,1
2026-06-23 19:43,toy_story,60,1
2026-06-23 19:43,turtle_talk,15,1
2026-06-23 22:31,leagues_20k,0,0
2026-06-23 22:31,frozen,0,0
2026-06-23 22:31,aquatopia,0,0
2026-06-23 22:31,ariel_playground,0,0
2026-06-23 22:31,big_city,0,0
2026-06-23 22:31,blowfish_balloon,0,0
2026-06-23 22:31,electric_railway,0,0
2026-06-23 22:31,tinkerbell,0,0
2026-06-23 22:31,flounder_coaster,0,0
2026-06-23 22:31,fortress,0,0
2026-06-23 22:31,indiana_jones,0,0
2026-06-23 22:31,jasmine_carpet,0,0
2026-06-23 22:31,journey_center,0,0
2026-06-23 22:31,jumpin_jellyfish,0,0
2026-06-23 22:31,nemo_searider,0,0
2026-06-23 22:31,peter_pan,0,0
2026-06-23 22:31,raging_spirits,0,0
2026-06-23 22:31,rapunzel,0,0
2026-06-23 22:31,scuttle_scooters,0,0
2026-06-23 22:31,sindbad,0,0
2026-06-23 22:31,soaring,0,0
2026-06-23 22:31,magic_lamp,0,0
2026-06-23 22:31,tower_terror,0,0
2026-06-23 22:31,toy_story,0,0
2026-06-23 22:31,turtle_talk,0,0
2026-06-24 08:49,leagues_20k,0,0
2026-06-24 08:49,frozen,0,0
2026-06-24 08:49,aquatopia,0,0
2026-06-24 08:49,ariel_playground,0,0
2026-06-24 08:49,big_city,0,0
2026-06-24 08:49,blowfish_balloon,0,0
2026-06-24 08:49,electric_railway,0,0
2026-06-24 08:49,tinkerbell,0,0
2026-06-24 08:49,flounder_coaster,0,0
2026-06-24 08:49,fortress,0,0
2026-06-24 08:49,indiana_jones,0,0
2026-06-24 08:49,jasmine_carpet,0,0
2026-06-24 08:49,journey_center,0,0
2026-06-24 08:49,jumpin_jellyfish,0,0
2026-06-24 08:49,nemo_searider,0,0
2026-06-24 08:49,peter_pan,0,0
2026-06-24 08:49,raging_spirits,0,0
2026-06-24 08:49,rapunzel,0,0
2026-06-24 08:49,scuttle_scooters,0,0
2026-06-24 08:49,sindbad,0,0
2026-06-24 08:49,soaring,0,0
2026-06-24 08:49,magic_lamp,0,0
2026-06-24 08:49,tower_terror,0,0
2026-06-24 08:49,toy_story,0,0
2026-06-24 08:49,turtle_talk,0,0
2026-06-24 12:27,leagues_20k,60,1
2026-06-24 12:27,frozen,120,1
2026-06-24 12:27,aquatopia,40,1
2026-06-24 12:27,ariel_playground,0,1
2026-06-24 12:27,big_city,0,0
2026-06-24 12:27,blowfish_balloon,25,1
2026-06-24 12:27,electric_railway,15,1
2026-06-24 12:27,tinkerbell,50,1
2026-06-24 12:27,flounder_coaster,25,1
2026-06-24 12:27,fortress,0,1
2026-06-24 12:27,indiana_jones,0,0
2026-06-24 12:27,jasmine_carpet,25,1
2026-06-24 12:27,journey_center,120,1
2026-06-24 12:27,jumpin_jellyfish,15,1
2026-06-24 12:27,nemo_searider,20,1
2026-06-24 12:27,peter_pan,80,1
2026-06-24 12:27,raging_spirits,80,1
2026-06-24 12:27,rapunzel,70,1
2026-06-24 12:27,scuttle_scooters,15,1
2026-06-24 12:27,sindbad,10,1
2026-06-24 12:27,soaring,140,1
2026-06-24 12:27,magic_lamp,15,1
2026-06-24 12:27,tower_terror,120,1
2026-06-24 12:27,toy_story,100,1
2026-06-24 12:27,turtle_talk,15,1
2026-06-24 16:00,leagues_20k,40,1
2026-06-24 16:00,frozen,180,1
2026-06-24 16:00,aquatopia,50,1
2026-06-24 16:00,ariel_playground,0,1
2026-06-24 16:00,big_city,5,1
2026-06-24 16:00,blowfish_balloon,25,1
2026-06-24 16:00,electric_railway,20,1
2026-06-24 16:00,tinkerbell,50,1
2026-06-24 16:00,flounder_coaster,30,1
2026-06-24 16:00,fortress,0,1
2026-06-24 16:00,indiana_jones,0,0
2026-06-24 16:00,jasmine_carpet,25,1
2026-06-24 16:00,journey_center,120,1
2026-06-24 16:00,jumpin_jellyfish,10,1
2026-06-24 16:00,nemo_searider,30,1
2026-06-24 16:00,peter_pan,80,1
2026-06-24 16:00,raging_spirits,100,1
2026-06-24 16:00,rapunzel,80,1
2026-06-24 16:00,scuttle_scooters,15,1
2026-06-24 16:00,sindbad,10,1
2026-06-24 16:00,soaring,120,1
2026-06-24 16:00,magic_lamp,15,1
2026-06-24 16:00,tower_terror,120,1
2026-06-24 16:00,toy_story,100,1
2026-06-24 16:00,turtle_talk,25,1
2026-06-24 19:28,leagues_20k,10,1
2026-06-24 19:28,frozen,90,1
2026-06-24 19:28,aquatopia,40,1
2026-06-24 19:28,ariel_playground,0,1
2026-06-24 19:28,big_city,0,0
2026-06-24 19:28,blowfish_balloon,10,1
2026-06-24 19:28,electric_railway,5,1
2026-06-24 19:28,tinkerbell,30,1
2026-06-24 19:28,flounder_coaster,15,1
2026-06-24 19:28,fortress,0,1
2026-06-24 19:28,indiana_jones,0,0
2026-06-24 19:28,jasmine_carpet,15,1
2026-06-24 19:28,journey_center,90,1
2026-06-24 19:28,jumpin_jellyfish,5,1
2026-06-24 19:28,nemo_searider,15,1
2026-06-24 19:28,peter_pan,40,1
2026-06-24 19:28,raging_spirits,60,1
2026-06-24 19:28,rapunzel,30,1
2026-06-24 19:28,scuttle_scooters,10,1
2026-06-24 19:28,sindbad,5,1
2026-06-24 19:28,soaring,90,1
2026-06-24 19:28,magic_lamp,15,1
2026-06-24 19:28,tower_terror,70,1
2026-06-24 19:28,toy_story,70,1
2026-06-24 19:28,turtle_talk,15,1
2026-06-24 21:34,leagues_20k,0,0
2026-06-24 21:34,frozen,0,0
2026-06-24 21:34,aquatopia,0,0
2026-06-24 21:34,ariel_playground,0,0
2026-06-24 21:34,big_city,0,0
2026-06-24 21:34,blowfish_balloon,0,0
2026-06-24 21:34,electric_railway,0,0
2026-06-24 21:34,tinkerbell,0,0
2026-06-24 21:34,flounder_coaster,0,0
2026-06-24 21:34,fortress,0,0
2026-06-24 21:34,indiana_jones,0,0
2026-06-24 21:34,jasmine_carpet,0,0
2026-06-24 21:34,journey_center,0,0
2026-06-24 21:34,jumpin_jellyfish,0,0
2026-06-24 21:34,nemo_searider,0,0
2026-06-24 21:34,peter_pan,0,0
2026-06-24 21:34,raging_spirits,0,0
2026-06-24 21:34,rapunzel,0,0
2026-06-24 21:34,scuttle_scooters,0,0
2026-06-24 21:34,sindbad,0,0
2026-06-24 21:34,soaring,0,0
2026-06-24 21:34,magic_lamp,0,0
2026-06-24 21:34,tower_terror,0,0
2026-06-24 21:34,toy_story,0,0
2026-06-24 21:34,turtle_talk,0,0
2026-06-25 08:59,leagues_20k,0,0
2026-06-25 08:59,frozen,0,0
2026-06-25 08:59,aquatopia,0,0
2026-06-25 08:59,ariel_playground,0,0
2026-06-25 08:59,big_city,0,0
2026-06-25 08:59,blowfish_balloon,0,0
2026-06-25 08:59,electric_railway,0,0
2026-06-25 08:59,tinkerbell,0,0
2026-06-25 08:59,flounder_coaster,0,0
2026-06-25 08:59,fortress,0,0
2026-06-25 08:59,indiana_jones,0,0
2026-06-25 08:59,jasmine_carpet,0,0
2026-06-25 08:59,journey_center,0,0
2026-06-25 08:59,jumpin_jellyfish,0,0
2026-06-25 08:59,nemo_searider,0,0
2026-06-25 08:59,peter_pan,0,0
2026-06-25 08:59,raging_spirits,0,0
2026-06-25 08:59,rapunzel,0,0
2026-06-25 08:59,scuttle_scooters,0,0
2026-06-25 08:59,sindbad,0,0
2026-06-25 08:59,soaring,0,0
2026-06-25 08:59,magic_lamp,0,0
2026-06-25 08:59,tower_terror,0,0
2026-06-25 08:59,toy_story,0,0
2026-06-25 08:59,turtle_talk,0,0
2026-06-25 12:24,leagues_20k,30,1
2026-06-25 12:24,frozen,0,0
2026-06-25 12:24,aquatopia,10,1
2026-06-25 12:24,ariel_playground,0,1
2026-06-25 12:24,big_city,0,0
2026-06-25 12:24,blowfish_balloon,25,1
2026-06-25 12:24,electric_railway,5,1
2026-06-25 12:24,tinkerbell,30,1
2026-06-25 12:24,flounder_coaster,5,1
2026-06-25 12:24,fortress,0,1
2026-06-25 12:24,indiana_jones,0,0
2026-06-25 12:24,jasmine_carpet,5,1
2026-06-25 12:24,journey_center,120,1
2026-06-25 12:24,jumpin_jellyfish,20,1
2026-06-25 12:24,nemo_searider,20,1
2026-06-25 12:24,peter_pan,70,1
2026-06-25 12:24,raging_spirits,60,1
2026-06-25 12:24,rapunzel,70,1
2026-06-25 12:24,scuttle_scooters,5,1
2026-06-25 12:24,sindbad,5,1
2026-06-25 12:24,soaring,100,1
2026-06-25 12:24,magic_lamp,15,1
2026-06-25 12:24,tower_terror,70,1
2026-06-25 12:24,toy_story,70,1
2026-06-25 12:24,turtle_talk,20,1
2026-06-25 16:00,leagues_20k,40,1
2026-06-25 16:00,frozen,0,0
2026-06-25 16:00,aquatopia,5,1
2026-06-25 16:00,ariel_playground,0,1
2026-06-25 16:00,big_city,5,1
2026-06-25 16:00,blowfish_balloon,25,1
2026-06-25 16:00,electric_railway,15,1
2026-06-25 16:00,tinkerbell,30,1
2026-06-25 16:00,flounder_coaster,5,1
2026-06-25 16:00,fortress,0,1
2026-06-25 16:00,indiana_jones,0,0
2026-06-25 16:00,jasmine_carpet,5,1
2026-06-25 16:00,journey_center,100,1
2026-06-25 16:00,jumpin_jellyfish,15,1
2026-06-25 16:00,nemo_searider,20,1
2026-06-25 16:00,peter_pan,40,1
2026-06-25 16:00,raging_spirits,80,1
2026-06-25 16:00,rapunzel,50,1
2026-06-25 16:00,scuttle_scooters,5,1
2026-06-25 16:00,sindbad,5,1
2026-06-25 16:00,soaring,140,1
2026-06-25 16:00,magic_lamp,15,1
2026-06-25 16:00,tower_terror,90,1
2026-06-25 16:00,toy_story,90,1
2026-06-25 16:00,turtle_talk,20,1
2026-06-25 19:21,leagues_20k,5,1
2026-06-25 19:21,frozen,0,1
2026-06-25 19:21,aquatopia,5,1
2026-06-25 19:21,ariel_playground,0,1
2026-06-25 19:21,big_city,5,1
2026-06-25 19:21,blowfish_balloon,20,1
2026-06-25 19:21,electric_railway,10,1
2026-06-25 19:21,tinkerbell,30,1
2026-06-25 19:21,flounder_coaster,5,1
2026-06-25 19:21,fortress,0,1
2026-06-25 19:21,indiana_jones,0,0
2026-06-25 19:21,jasmine_carpet,5,1
2026-06-25 19:21,journey_center,90,1
2026-06-25 19:21,jumpin_jellyfish,10,1
2026-06-25 19:21,nemo_searider,15,1
2026-06-25 19:21,peter_pan,25,1
2026-06-25 19:21,raging_spirits,40,1
2026-06-25 19:21,rapunzel,30,1
2026-06-25 19:21,scuttle_scooters,10,1
2026-06-25 19:21,sindbad,5,1
2026-06-25 19:21,soaring,90,1
2026-06-25 19:21,magic_lamp,15,1
2026-06-25 19:21,tower_terror,70,1
2026-06-25 19:21,toy_story,70,1
2026-06-25 19:21,turtle_talk,15,1
2026-06-25 21:37,leagues_20k,0,0
2026-06-25 21:37,frozen,0,0
2026-06-25 21:37,aquatopia,0,0
2026-06-25 21:37,ariel_playground,0,0
2026-06-25 21:37,big_city,0,0
2026-06-25 21:37,blowfish_balloon,0,0
2026-06-25 21:37,electric_railway,0,0
2026-06-25 21:37,tinkerbell,0,0
2026-06-25 21:37,flounder_coaster,0,0
2026-06-25 21:37,fortress,0,0
2026-06-25 21:37,indiana_jones,0,0
2026-06-25 21:37,jasmine_carpet,0,0
2026-06-25 21:37,journey_center,0,0
2026-06-25 21:37,jumpin_jellyfish,0,0
2026-06-25 21:37,nemo_searider,0,0
2026-06-25 21:37,peter_pan,0,0
2026-06-25 21:37,raging_spirits,0,0
2026-06-25 21:37,rapunzel,0,0
2026-06-25 21:37,scuttle_scooters,0,0
2026-06-25 21:37,sindbad,0,0
2026-06-25 21:37,soaring,0,0
2026-06-25 21:37,magic_lamp,0,0
2026-06-25 21:37,tower_terror,0,0
2026-06-25 21:37,toy_story,0,0
2026-06-25 21:37,turtle_talk,0,0
2026-06-26 09:04,leagues_20k,0,0
2026-06-26 09:04,frozen,0,0
2026-06-26 09:04,aquatopia,0,0
2026-06-26 09:04,ariel_playground,0,0
2026-06-26 09:04,big_city,0,0
2026-06-26 09:04,blowfish_balloon,0,0
2026-06-26 09:04,electric_railway,0,0
2026-06-26 09:04,tinkerbell,0,0
2026-06-26 09:04,flounder_coaster,0,0
2026-06-26 09:04,fortress,0,0
2026-06-26 09:04,indiana_jones,0,0
2026-06-26 09:04,jasmine_carpet,0,0
2026-06-26 09:04,journey_center,0,0
2026-06-26 09:04,jumpin_jellyfish,0,0
2026-06-26 09:04,nemo_searider,0,0
2026-06-26 09:04,peter_pan,0,0
2026-06-26 09:04,raging_spirits,0,0
2026-06-26 09:04,rapunzel,0,0
2026-06-26 09:04,scuttle_scooters,0,0
2026-06-26 09:04,sindbad,0,0
2026-06-26 09:04,soaring,0,0
2026-06-26 09:04,magic_lamp,0,0
2026-06-26 09:04,tower_terror,0,0
2026-06-26 09:04,toy_story,0,0
2026-06-26 09:04,turtle_talk,0,0
2026-06-26 12:32,leagues_20k,0,0
2026-06-26 12:32,frozen,0,0
2026-06-26 12:32,aquatopia,0,0
2026-06-26 12:32,ariel_playground,0,0
2026-06-26 12:32,big_city,0,0
2026-06-26 12:32,blowfish_balloon,0,0
2026-06-26 12:32,electric_railway,0,0
2026-06-26 12:32,tinkerbell,0,0
2026-06-26 12:32,flounder_coaster,0,0
2026-06-26 12:32,fortress,0,0
2026-06-26 12:32,indiana_jones,0,0
2026-06-26 12:32,jasmine_carpet,0,0
2026-06-26 12:32,journey_center,0,0
2026-06-26 12:32,jumpin_jellyfish,0,0
2026-06-26 12:32,nemo_searider,0,0
2026-06-26 12:32,peter_pan,0,0
2026-06-26 12:32,raging_spirits,0,0
2026-06-26 12:32,rapunzel,0,0
2026-06-26 12:32,scuttle_scooters,0,0
2026-06-26 12:32,sindbad,0,0
2026-06-26 12:32,soaring,0,0
2026-06-26 12:32,magic_lamp,0,0
2026-06-26 12:32,tower_terror,0,0
2026-06-26 12:32,toy_story,0,0
2026-06-26 12:32,turtle_talk,0,0
2026-06-26 16:37,leagues_20k,25,1
2026-06-26 16:37,frozen,100,1
2026-06-26 16:37,aquatopia,15,1
2026-06-26 16:37,ariel_playground,0,1
2026-06-26 16:37,big_city,5,1
2026-06-26 16:37,blowfish_balloon,40,1
2026-06-26 16:37,electric_railway,20,1
2026-06-26 16:37,tinkerbell,25,1
2026-06-26 16:37,flounder_coaster,15,1
2026-06-26 16:37,fortress,0,1
2026-06-26 16:37,indiana_jones,0,0
2026-06-26 16:37,jasmine_carpet,5,1
2026-06-26 16:37,journey_center,140,1
2026-06-26 16:37,jumpin_jellyfish,30,1
2026-06-26 16:37,nemo_searider,20,1
2026-06-26 16:37,peter_pan,60,1
2026-06-26 16:37,raging_spirits,80,1
2026-06-26 16:37,rapunzel,70,1
2026-06-26 16:37,scuttle_scooters,5,1
2026-06-26 16:37,sindbad,10,1
2026-06-26 16:37,soaring,160,1
2026-06-26 16:37,magic_lamp,15,1
2026-06-26 16:37,tower_terror,120,1
2026-06-26 16:37,toy_story,140,1
2026-06-26 16:37,turtle_talk,50,1
2026-06-26 19:38,leagues_20k,10,1
2026-06-26 19:38,frozen,80,1
2026-06-26 19:38,aquatopia,5,1
2026-06-26 19:38,ariel_playground,0,1
2026-06-26 19:38,big_city,5,1
2026-06-26 19:38,blowfish_balloon,15,1
2026-06-26 19:38,electric_railway,5,1
2026-06-26 19:38,tinkerbell,30,1
2026-06-26 19:38,flounder_coaster,5,1
2026-06-26 19:38,fortress,0,1
2026-06-26 19:38,indiana_jones,0,0
2026-06-26 19:38,jasmine_carpet,5,1
2026-06-26 19:38,journey_center,80,1
2026-06-26 19:38,jumpin_jellyfish,10,1
2026-06-26 19:38,nemo_searider,20,1
2026-06-26 19:38,peter_pan,25,1
2026-06-26 19:38,raging_spirits,20,1
2026-06-26 19:38,rapunzel,25,1
2026-06-26 19:38,scuttle_scooters,5,1
2026-06-26 19:38,sindbad,5,1
2026-06-26 19:38,soaring,90,1
2026-06-26 19:38,magic_lamp,15,1
2026-06-26 19:38,tower_terror,80,1
2026-06-26 19:38,toy_story,90,1
2026-06-26 19:38,turtle_talk,15,1
2026-06-26 21:33,leagues_20k,0,0
2026-06-26 21:33,frozen,0,0
2026-06-26 21:33,aquatopia,0,0
2026-06-26 21:33,ariel_playground,0,0
2026-06-26 21:33,big_city,0,0
2026-06-26 21:33,blowfish_balloon,0,0
2026-06-26 21:33,electric_railway,0,0
2026-06-26 21:33,tinkerbell,0,0
2026-06-26 21:33,flounder_coaster,0,0
2026-06-26 21:33,fortress,0,0
2026-06-26 21:33,indiana_jones,0,0
2026-06-26 21:33,jasmine_carpet,0,0
2026-06-26 21:33,journey_center,0,0
2026-06-26 21:33,jumpin_jellyfish,0,0
2026-06-26 21:33,nemo_searider,0,0
2026-06-26 21:33,peter_pan,0,0
2026-06-26 21:33,raging_spirits,0,0
2026-06-26 21:33,rapunzel,0,0
2026-06-26 21:33,scuttle_scooters,0,0
2026-06-26 21:33,sindbad,0,0
2026-06-26 21:33,soaring,0,0
2026-06-26 21:33,magic_lamp,0,0
2026-06-26 21:33,tower_terror,0,0
2026-06-26 21:33,toy_story,0,0
2026-06-26 21:33,turtle_talk,0,0
2026-06-27 08:56,leagues_20k,0,0
2026-06-27 08:56,frozen,0,0
2026-06-27 08:56,aquatopia,0,0
2026-06-27 08:56,ariel_playground,0,0
2026-06-27 08:56,big_city,0,0
2026-06-27 08:56,blowfish_balloon,0,0
2026-06-27 08:56,electric_railway,0,0
2026-06-27 08:56,tinkerbell,0,0
2026-06-27 08:56,flounder_coaster,0,0
2026-06-27 08:56,fortress,0,0
2026-06-27 08:56,indiana_jones,0,0
2026-06-27 08:56,jasmine_carpet,0,0
2026-06-27 08:56,journey_center,0,0
2026-06-27 08:56,jumpin_jellyfish,0,0
2026-06-27 08:56,nemo_searider,0,0
2026-06-27 08:56,peter_pan,0,0
2026-06-27 08:56,raging_spirits,0,0
2026-06-27 08:56,rapunzel,0,0
2026-06-27 08:56,scuttle_scooters,0,0
2026-06-27 08:56,sindbad,0,0
2026-06-27 08:56,soaring,0,0
2026-06-27 08:56,magic_lamp,0,0
2026-06-27 08:56,tower_terror,0,0
2026-06-27 08:56,toy_story,0,0
2026-06-27 08:56,turtle_talk,0,0
2026-06-27 11:55,leagues_20k,15,1
2026-06-27 11:55,frozen,160,1
2026-06-27 11:55,aquatopia,5,1
2026-06-27 11:55,ariel_playground,0,1
2026-06-27 11:55,big_city,0,0
2026-06-27 11:55,blowfish_balloon,20,1
2026-06-27 11:55,electric_railway,10,1
2026-06-27 11:55,tinkerbell,30,1
2026-06-27 11:55,flounder_coaster,5,1
2026-06-27 11:55,fortress,0,1
2026-06-27 11:55,indiana_jones,0,0
2026-06-27 11:55,jasmine_carpet,5,1
2026-06-27 11:55,journey_center,50,1
2026-06-27 11:55,jumpin_jellyfish,15,1
2026-06-27 11:55,nemo_searider,15,1
2026-06-27 11:55,peter_pan,50,1
2026-06-27 11:55,raging_spirits,20,1
2026-06-27 11:55,rapunzel,30,1
2026-06-27 11:55,scuttle_scooters,5,1
2026-06-27 11:55,sindbad,5,1
2026-06-27 11:55,soaring,120,1
2026-06-27 11:55,magic_lamp,15,1
2026-06-27 11:55,tower_terror,50,1
2026-06-27 11:55,toy_story,50,1
2026-06-27 11:55,turtle_talk,20,1
2026-06-27 15:28,leagues_20k,15,1
2026-06-27 15:28,frozen,140,1
2026-06-27 15:28,aquatopia,5,1
2026-06-27 15:28,ariel_playground,0,1
2026-06-27 15:28,big_city,5,1
2026-06-27 15:28,blowfish_balloon,30,1
2026-06-27 15:28,electric_railway,20,1
2026-06-27 15:28,tinkerbell,25,1
2026-06-27 15:28,flounder_coaster,5,1
2026-06-27 15:28,fortress,0,1
2026-06-27 15:28,indiana_jones,0,0
2026-06-27 15:28,jasmine_carpet,5,1
2026-06-27 15:28,journey_center,90,1
2026-06-27 15:28,jumpin_jellyfish,20,1
2026-06-27 15:28,nemo_searider,15,1
2026-06-27 15:28,peter_pan,30,1
2026-06-27 15:28,raging_spirits,10,1
2026-06-27 15:28,rapunzel,15,1
2026-06-27 15:28,scuttle_scooters,5,1
2026-06-27 15:28,sindbad,5,1
2026-06-27 15:28,soaring,100,1
2026-06-27 15:28,magic_lamp,15,1
2026-06-27 15:28,tower_terror,60,1
2026-06-27 15:28,toy_story,100,1
2026-06-27 15:28,turtle_talk,15,1
2026-06-27 18:13,leagues_20k,5,1
2026-06-27 18:13,frozen,100,1
2026-06-27 18:13,aquatopia,5,1
2026-06-27 18:13,ariel_playground,0,1
2026-06-27 18:13,big_city,5,1
2026-06-27 18:13,blowfish_balloon,20,1
2026-06-27 18:13,electric_railway,5,1
2026-06-27 18:13,tinkerbell,25,1
2026-06-27 18:13,flounder_coaster,5,1
2026-06-27 18:13,fortress,0,1
2026-06-27 18:13,indiana_jones,0,0
2026-06-27 18:13,jasmine_carpet,5,1
2026-06-27 18:13,journey_center,70,1
2026-06-27 18:13,jumpin_jellyfish,10,1
2026-06-27 18:13,nemo_searider,15,1
2026-06-27 18:13,peter_pan,30,1
2026-06-27 18:13,raging_spirits,15,1
2026-06-27 18:13,rapunzel,10,1
2026-06-27 18:13,scuttle_scooters,5,1
2026-06-27 18:13,sindbad,5,1
2026-06-27 18:13,soaring,120,1
2026-06-27 18:13,magic_lamp,15,1
2026-06-27 18:13,tower_terror,50,1
2026-06-27 18:13,toy_story,90,1
2026-06-27 18:13,turtle_talk,20,1
2026-06-27 20:04,leagues_20k,5,1
2026-06-27 20:04,frozen,60,1
2026-06-27 20:04,aquatopia,20,1
2026-06-27 20:04,ariel_playground,0,1
2026-06-27 20:04,big_city,5,1
2026-06-27 20:04,blowfish_balloon,5,1
2026-06-27 20:04,electric_railway,0,0
2026-06-27 20:04,tinkerbell,30,1
2026-06-27 20:04,flounder_coaster,5,1
2026-06-27 20:04,fortress,0,1
2026-06-27 20:04,indiana_jones,0,0
2026-06-27 20:04,jasmine_carpet,5,1
2026-06-27 20:04,journey_center,50,1
2026-06-27 20:04,jumpin_jellyfish,5,1
2026-06-27 20:04,nemo_searider,15,1
2026-06-27 20:04,peter_pan,10,1
2026-06-27 20:04,raging_spirits,5,1
2026-06-27 20:04,rapunzel,5,1
2026-06-27 20:04,scuttle_scooters,5,1
2026-06-27 20:04,sindbad,5,1
2026-06-27 20:04,soaring,70,1
2026-06-27 20:04,magic_lamp,15,1
2026-06-27 20:04,tower_terror,40,1
2026-06-27 20:04,toy_story,60,1
2026-06-27 20:04,turtle_talk,15,1
2026-06-27 21:18,leagues_20k,0,0
2026-06-27 21:18,frozen,0,0
2026-06-27 21:18,aquatopia,0,0
2026-06-27 21:18,ariel_playground,0,0
2026-06-27 21:18,big_city,0,0
2026-06-27 21:18,blowfish_balloon,0,0
2026-06-27 21:18,electric_railway,0,0
2026-06-27 21:18,tinkerbell,0,0
2026-06-27 21:18,flounder_coaster,0,0
2026-06-27 21:18,fortress,0,0
2026-06-27 21:18,indiana_jones,0,0
2026-06-27 21:18,jasmine_carpet,0,0
2026-06-27 21:18,journey_center,0,0
2026-06-27 21:18,jumpin_jellyfish,0,0
2026-06-27 21:18,nemo_searider,0,0
2026-06-27 21:18,peter_pan,0,0
2026-06-27 21:18,raging_spirits,0,0
2026-06-27 21:18,rapunzel,0,0
2026-06-27 21:18,scuttle_scooters,0,0
2026-06-27 21:18,sindbad,0,0
2026-06-27 21:18,soaring,0,0
2026-06-27 21:18,magic_lamp,0,0
2026-06-27 21:18,tower_terror,0,0
2026-06-27 21:18,toy_story,0,0
2026-06-27 21:18,turtle_talk,0,0
2026-06-28 08:55,leagues_20k,0,0
2026-06-28 08:55,frozen,0,0
2026-06-28 08:55,aquatopia,0,0
2026-06-28 08:55,ariel_playground,0,0
2026-06-28 08:55,big_city,0,0
2026-06-28 08:55,blowfish_balloon,0,0
2026-06-28 08:55,electric_railway,0,0
2026-06-28 08:55,tinkerbell,0,0
2026-06-28 08:55,flounder_coaster,0,0
2026-06-28 08:55,fortress,0,0
2026-06-28 08:55,indiana_jones,0,0
2026-06-28 08:55,jasmine_carpet,0,0
2026-06-28 08:55,journey_center,0,0
2026-06-28 08:55,jumpin_jellyfish,0,0
2026-06-28 08:55,nemo_searider,0,0
2026-06-28 08:55,peter_pan,0,0
2026-06-28 08:55,raging_spirits,0,0
2026-06-28 08:55,rapunzel,0,0
2026-06-28 08:55,scuttle_scooters,0,0
2026-06-28 08:55,sindbad,0,0
2026-06-28 08:55,soaring,0,0
2026-06-28 08:55,magic_lamp,0,0
2026-06-28 08:55,tower_terror,0,0
2026-06-28 08:55,toy_story,0,0
2026-06-28 08:55,turtle_talk,0,0
2026-06-28 12:38,leagues_20k,40,1
2026-06-28 12:38,frozen,160,1
2026-06-28 12:38,aquatopia,40,1
2026-06-28 12:38,ariel_playground,0,1
2026-06-28 12:38,big_city,0,0
2026-06-28 12:38,blowfish_balloon,30,1
2026-06-28 12:38,electric_railway,20,1
2026-06-28 12:38,tinkerbell,40,1
2026-06-28 12:38,flounder_coaster,25,1
2026-06-28 12:38,fortress,0,1
2026-06-28 12:38,indiana_jones,0,0
2026-06-28 12:38,jasmine_carpet,25,1
2026-06-28 12:38,journey_center,120,1
2026-06-28 12:38,jumpin_jellyfish,25,1
2026-06-28 12:38,nemo_searider,30,1
2026-06-28 12:38,peter_pan,80,1
2026-06-28 12:38,raging_spirits,90,1
2026-06-28 12:38,rapunzel,70,1
2026-06-28 12:38,scuttle_scooters,25,1
2026-06-28 12:38,sindbad,20,1
2026-06-28 12:38,soaring,140,1
2026-06-28 12:38,magic_lamp,15,1
2026-06-28 12:38,tower_terror,120,1
2026-06-28 12:38,toy_story,120,1
2026-06-28 12:38,turtle_talk,40,1
2026-06-28 16:40,leagues_20k,25,1
2026-06-28 16:40,frozen,120,1
2026-06-28 16:40,aquatopia,50,1
2026-06-28 16:40,ariel_playground,0,1
2026-06-28 16:40,big_city,15,1
2026-06-28 16:40,blowfish_balloon,20,1
2026-06-28 16:40,electric_railway,15,1
2026-06-28 16:40,tinkerbell,40,1
2026-06-28 16:40,flounder_coaster,40,1
2026-06-28 16:40,fortress,0,1
2026-06-28 16:40,indiana_jones,0,0
2026-06-28 16:40,jasmine_carpet,25,1
2026-06-28 16:40,journey_center,0,1
2026-06-28 16:40,jumpin_jellyfish,15,1
2026-06-28 16:40,nemo_searider,20,1
2026-06-28 16:40,peter_pan,70,1
2026-06-28 16:40,raging_spirits,100,1
2026-06-28 16:40,rapunzel,70,1
2026-06-28 16:40,scuttle_scooters,25,1
2026-06-28 16:40,sindbad,10,1
2026-06-28 16:40,soaring,160,1
2026-06-28 16:40,magic_lamp,15,1
2026-06-28 16:40,tower_terror,100,1
2026-06-28 16:40,toy_story,120,1
2026-06-28 16:40,turtle_talk,40,1
2026-06-28 19:16,leagues_20k,20,1
2026-06-28 19:16,frozen,100,1
2026-06-28 19:16,aquatopia,30,1
2026-06-28 19:16,ariel_playground,0,1
2026-06-28 19:16,big_city,5,1
2026-06-28 19:16,blowfish_balloon,20,1
2026-06-28 19:16,electric_railway,10,1
2026-06-28 19:16,tinkerbell,30,1
2026-06-28 19:16,flounder_coaster,10,1
2026-06-28 19:16,fortress,0,1
2026-06-28 19:16,indiana_jones,0,0
2026-06-28 19:16,jasmine_carpet,10,1
2026-06-28 19:16,journey_center,100,1
2026-06-28 19:16,jumpin_jellyfish,10,1
2026-06-28 19:16,nemo_searider,20,1
2026-06-28 19:16,peter_pan,40,1
2026-06-28 19:16,raging_spirits,70,1
2026-06-28 19:16,rapunzel,30,1
2026-06-28 19:16,scuttle_scooters,10,1
2026-06-28 19:16,sindbad,5,1
2026-06-28 19:16,soaring,120,1
2026-06-28 19:16,magic_lamp,15,1
2026-06-28 19:16,tower_terror,100,1
2026-06-28 19:16,toy_story,100,1
2026-06-28 19:16,turtle_talk,15,1
2026-06-28 21:02,leagues_20k,5,1
2026-06-28 21:02,frozen,0,0
2026-06-28 21:02,aquatopia,0,0
2026-06-28 21:02,ariel_playground,0,1
2026-06-28 21:02,big_city,10,1
2026-06-28 21:02,blowfish_balloon,5,1
2026-06-28 21:02,electric_railway,5,1
2026-06-28 21:02,tinkerbell,30,1
2026-06-28 21:02,flounder_coaster,10,1
2026-06-28 21:02,fortress,0,1
2026-06-28 21:02,indiana_jones,0,0
2026-06-28 21:02,jasmine_carpet,15,1
2026-06-28 21:02,journey_center,0,1
2026-06-28 21:02,jumpin_jellyfish,5,1
2026-06-28 21:02,nemo_searider,0,0
2026-06-28 21:02,peter_pan,0,0
2026-06-28 21:02,raging_spirits,0,1
2026-06-28 21:02,rapunzel,0,0
2026-06-28 21:02,scuttle_scooters,5,1
2026-06-28 21:02,sindbad,5,1
2026-06-28 21:02,soaring,0,1
2026-06-28 21:02,magic_lamp,0,0
2026-06-28 21:02,tower_terror,0,1
2026-06-28 21:02,toy_story,0,1
2026-06-28 21:02,turtle_talk,15,1
2026-06-29 09:02,leagues_20k,0,0
2026-06-29 09:02,frozen,0,0
2026-06-29 09:02,aquatopia,0,0
2026-06-29 09:02,ariel_playground,0,0
2026-06-29 09:02,big_city,0,0
2026-06-29 09:02,blowfish_balloon,0,0
2026-06-29 09:02,electric_railway,0,0
2026-06-29 09:02,tinkerbell,0,0
2026-06-29 09:02,flounder_coaster,0,0
2026-06-29 09:02,fortress,0,0
2026-06-29 09:02,indiana_jones,0,0
2026-06-29 09:02,jasmine_carpet,0,0
2026-06-29 09:02,journey_center,0,0
2026-06-29 09:02,jumpin_jellyfish,0,0
2026-06-29 09:02,nemo_searider,0,0
2026-06-29 09:02,peter_pan,0,0
2026-06-29 09:02,raging_spirits,0,0
2026-06-29 09:02,rapunzel,0,0
2026-06-29 09:02,scuttle_scooters,0,0
2026-06-29 09:02,sindbad,0,0
2026-06-29 09:02,soaring,0,0
2026-06-29 09:02,magic_lamp,0,0
2026-06-29 09:02,tower_terror,0,0
2026-06-29 09:02,toy_story,0,0
2026-06-29 09:02,turtle_talk,0,0
2026-06-29 12:42,leagues_20k,50,1
2026-06-29 12:42,frozen,200,1
2026-06-29 12:42,aquatopia,30,1
2026-06-29 12:42,ariel_playground,0,1
2026-06-29 12:42,big_city,0,0
2026-06-29 12:42,blowfish_balloon,30,1
2026-06-29 12:42,electric_railway,20,1
2026-06-29 12:42,tinkerbell,40,1
2026-06-29 12:42,flounder_coaster,30,1
2026-06-29 12:42,fortress,0,1
2026-06-29 12:42,indiana_jones,0,0
2026-06-29 12:42,jasmine_carpet,25,1
2026-06-29 12:42,journey_center,140,1
2026-06-29 12:42,jumpin_jellyfish,25,1
2026-06-29 12:42,nemo_searider,70,1
2026-06-29 12:42,peter_pan,100,1
2026-06-29 12:42,raging_spirits,90,1
2026-06-29 12:42,rapunzel,80,1
2026-06-29 12:42,scuttle_scooters,20,1
2026-06-29 12:42,sindbad,10,1
2026-06-29 12:42,soaring,160,1
2026-06-29 12:42,magic_lamp,15,1
2026-06-29 12:42,tower_terror,160,1
2026-06-29 12:42,toy_story,140,1
2026-06-29 12:42,turtle_talk,20,1
2026-06-29 17:35,leagues_20k,25,1
2026-06-29 17:35,frozen,180,1
2026-06-29 17:35,aquatopia,50,1
2026-06-29 17:35,ariel_playground,0,1
2026-06-29 17:35,big_city,0,0
2026-06-29 17:35,blowfish_balloon,30,1
2026-06-29 17:35,electric_railway,10,1
2026-06-29 17:35,tinkerbell,40,1
2026-06-29 17:35,flounder_coaster,30,1
2026-06-29 17:35,fortress,0,1
2026-06-29 17:35,indiana_jones,0,0
2026-06-29 17:35,jasmine_carpet,25,1
2026-06-29 17:35,journey_center,140,1
2026-06-29 17:35,jumpin_jellyfish,15,1
2026-06-29 17:35,nemo_searider,15,1
2026-06-29 17:35,peter_pan,60,1
2026-06-29 17:35,raging_spirits,100,1
2026-06-29 17:35,rapunzel,70,1
2026-06-29 17:35,scuttle_scooters,20,1
2026-06-29 17:35,sindbad,5,1
2026-06-29 17:35,soaring,140,1
2026-06-29 17:35,magic_lamp,15,1
2026-06-29 17:35,tower_terror,120,1
2026-06-29 17:35,toy_story,90,1
2026-06-29 17:35,turtle_talk,20,1
2026-06-29 21:48,leagues_20k,0,0
2026-06-29 21:48,frozen,0,0
2026-06-29 21:48,aquatopia,0,0
2026-06-29 21:48,ariel_playground,0,0
2026-06-29 21:48,big_city,0,0
2026-06-29 21:48,blowfish_balloon,0,0
2026-06-29 21:48,electric_railway,0,0
2026-06-29 21:48,tinkerbell,0,0
2026-06-29 21:48,flounder_coaster,0,0
2026-06-29 21:48,fortress,0,0
2026-06-29 21:48,indiana_jones,0,0
2026-06-29 21:48,jasmine_carpet,0,0
2026-06-29 21:48,journey_center,0,0
2026-06-29 21:48,jumpin_jellyfish,0,0
2026-06-29 21:48,nemo_searider,0,0
2026-06-29 21:48,peter_pan,0,0
2026-06-29 21:48,raging_spirits,0,0
2026-06-29 21:48,rapunzel,0,0
2026-06-29 21:48,scuttle_scooters,0,0
2026-06-29 21:48,sindbad,0,0
2026-06-29 21:48,soaring,0,0
2026-06-29 21:48,magic_lamp,0,0
2026-06-29 21:48,tower_terror,0,0
2026-06-29 21:48,toy_story,0,0
2026-06-29 21:48,turtle_talk,0,0
